Workbook

Sheet Home
D1: =Data!G8 -> 65 | F1: TEAM NAME | G1: TOP 12 | H1: TOTAL | I1: RANK | K1: Team | L1: Points Gained Today | N1: Team | O1: Avg Increase
F2: Himanshu Warriors | G2: =HW!H18 -> 9002 | H2: =HW!H19 -> 10097 | I2: =RANK(G2,G:G, FALSE)+COUNTIF(G$2:G2,G2)-1 -> 1 | K2: HW | L2: =STATS!T87 -> 104 | N2: HW | O2: =(HW!H18)/D1 -> 138.49231
F3: Onkar Legends | G3: =Legends[[#Totals],[Points]] -> 8341 | H3: =OL!H18 -> 8882 | I3: =RANK(G3,G:G, FALSE)+COUNTIF(G$2:G3,G3)-1 -> 2 | K3: MC | L3: =STATS!T88 -> 134 | N3: MC | O3: =Challengers[[#Totals],[Points]]/D1 -> 96.076923
F4: Abhishek Strikers | G4: =Strikers[[#Totals],[Points]] -> 8155 | H4: =AS!H18 -> 8775 | I4: =RANK(G4,G:G, FALSE)+COUNTIF(G$2:G4,G4)-1 -> 3 | K4: OL | L4: =STATS!T89 -> 161 | N4: OL | O4: =Legends[[#Totals],[Points]]/D1 -> 128.32308
F5: Pranav Astra | G5: =PA!H17 -> 7919 | H5: =PA!H18 -> 8142 | I5: =RANK(G5,G:G, FALSE)+COUNTIF(G$2:G5,G5)-1 -> 4 | K5: AS | L5: =STATS!T90 -> 30 | N5: AS | O5: =Strikers[[#Totals],[Points]]/D1 -> 125.46154
F6: Mehul Challengers | G6: =Challengers[[#Totals],[Points]] -> 6245 | H6: =MC!H18 -> 6579 | I6: =RANK(G6,G:G, FALSE)+COUNTIF(G$2:G6,G6)-1 -> 5 | K6: PA | L6: =STATS!T91 -> 160 | N6: PA | O6: =PA!H17/D1 -> 121.83077
A8: IPL - Crayons x S2 . | D8: Days Completed | F8: Himanshu Warriors Dominance: Himanshu Warriors finished at the top of the table with 9,002 points. Their success was driven by top performers like Shubman Gill (1,178 points) and KR (1,109 points). Steady Growth for Runners-up: Onkar Legends and Abhishek Strikers had a competitive run, finishing with 8,341 and 8,155 points respectively. Notably, Vaibhav Suryavanshi from Abhishek Strikers was one of the highest individual scorers with 1,211 points. Performance Gap: Mehul Challengers trailed the group, finishing with 6,245 points, despite a strong individual performance from Bhuvneshwar Kumar (1,051 points).
A21: Rules for Auction
A22: Player Selection Rules:
B23: • | C23: Minimum Players: Each team must buy a minimum of 15 players during the auction.
B24: • | C24: Overseas Players: Each team must have at least 3 overseas players. | D24: Bowlers | E24: 3
B25: • | C25: Uncapped Players: Each team must include at least 3 uncapped players. | D25: Batters | E25: 3
B26: • | C26: Special Rules: | D26: All-rounders | E26: 2
C27: Bowlers: Minimum 3 bowlers. | D27: Wicketkeeper | E27: 1
C28: Batters: Minimum 3 batters. | D28: Overseas | E28: 3
C29: All-rounders: Minimum 2 all-rounders. | D29: Uncapped | E29: 3
C30: Wicketkeeper: Minimum 1 wicketkeeper. | D30: =Data!G45 -> 31
B31: • | C31: Player List Submission: After the auction, each team must submit a final list of 15 players, adhering to the above rules. This list will be used for point calculation during the IPL tournament. Top 12 will be considered!
A32: Auction Participation:
B33: • | C33: Entry Fee: Each participant must pay an entry fee of ₹1000 to join the auction.
B34: • | C34: Winning Amount: The total collected entry fees will be distributed among the winners:
B35: • | C35: 1st Position: Team with the highest points at the end of the IPL tournament. (Winning amount: Rs.3000)
B36: • | C36: Runner-Up: Team with the second-highest points.(Winning amount: Rs.2000)
A37: Points Calculation and Winner:
B38: • | C38: Points will be calculated based on the performance of the selected players throughout the IPL tournament.
B39: • | C39: The team with the highest cumulative points will win 1st position, and the second-highest scorer will be declared the runner-up.
A40: Replacement Rules:
B41: • | C41: Each team must pre-select three players as potential replacements.
B42: • | C42: A capped player can be replaced only by another capped player.
B43: • | C43: An uncapped player can be replaced only by another uncapped player.
B44: • | C44: Any replacement must not violate the original team-composition rules, which remain unchanged
B45: • | C45: Replacement points will be calculated from the day Replacement happened. Past player points will not be replaced. (past player pt + replaced player pt)
B46: • | C46: Only one replacement allowed for 1 team per season
B47: In short: replacements are like-for-like, and the team balance stays exactly as defined.
A48: General Guidelines:
B49: • | C49: Ensure all team selections meet the mandatory player composition.
B50: • | C50: Be strategic in picking players to maximize points.
B51: • | C51: Happy Bidding and may the best team win!
A52: Note:
B53: In the event of an injury or if a player is ruled out, they can be replaced (without trade) before the IPL starts, i.e., before March 23rd.
A54: Tournament Timeline Phase 1: Early Race (27 Mar – 2 Apr) 27 Mar Abhishek Strikers started strongly and led the table, followed by Pranav Astra and Himanshu Warriors. 28–30 Mar Abhishek Strikers maintained control, but Mehul Challengers surged dramatically and moved into second place by 30 Mar. 1 Apr: A major shift occurred. Himanshu Warriors exploded with a huge points jump and briefly moved to the top. 2 Apr Pranav Astra responded immediately and claimed the lead, showing early consistency and becoming the first serious challenger to Abhishek Strikers. Leaderboard Trend 27 Mar – 30 Mar: Abhishek Strikers 1 Apr: Himanshu Warriors 2 Apr: Pranav Astra Phase 2: Abhishek Strikers' Dominance (4 Apr – 11 Apr) On 4 Apr, Abhishek Strikers produced a massive jump and reclaimed first place. From 4 Apr to 11 Apr They controlled the tournament comfortably. Mehul Challengers and Himanshu Warriors stayed competitive, while Onkar Legends gradually climbed from the lower half. Pranav Astra remained close enough to threaten but could not overtake. Leaderboard Trend 4 Apr – 11 Apr Abhishek Strikers held a 8-day reign. Phase 3: Rise of Pranav Astra (12 Apr – 20 Apr) 12 Apr became the first major turning point. Pranav Astra overtook Abhishek Strikers and took control of the tournament. From 12 Apr onward, Pranav Astra consistently expanded their lead. Himanshu Warriors and Onkar Legends also accelerated. Mehul Challengers started falling behind the leading pack. Key Moments 18–19 Apr Himanshu Warriors and Onkar Legends both crossed 3,000-point territory and began closing on Pranav Astra. Despite pressure, Pranav Astra defended first place for over a week. Leaderboard Trend 12 Apr – 20 Apr Pranav Astra led for 9 consecutive days. Phase 4: The Four-Team Battle (21 Apr – 2 May) The tournament entered its most competitive phase. 21 Apr Abhishek Strikers and Onkar Legends became tied on points. The top four teams were separated by relatively small margins. 22–25 Apr Himanshu Warriors launched a strong surge. Abhishek Strikers mounted a comeback. Pranav Astra's lead began shrinking. 26 Apr A historic day. Abhishek Strikers overtook Pranav Astra and moved into first place. 28 Apr Himanshu Warriors overtook everyone and became the new leader. 30 Apr – 2 May Himanshu Warriors consolidated first place. Pranav Astra, Abhishek Strikers, and Onkar Legends were all within striking distance. 26–27 Apr: Abhishek Strikers 28 Apr – 2 May: Himanshu Warriors Phase 5: Three-Way Championship Fight (3 May – 18 May) This was arguably the most exciting portion of the tournament. 3 May Himanshu Warriors crossed 5,300 points and extended their lead. Onkar Legends made a huge jump and emerged as a title contender. 8–12 May Onkar Legends kept gaining ground. Abhishek Strikers remained competitive. Mehul Challengers continued scoring but could not match the pace of the top teams. 18 May Onkar Legends reached 6,905 points. Abhishek Strikers were close behind at 6,896. Just 9 points separated them. The battle for second place was extremely intense. Throughout this period, Himanshu Warriors remained in first. Phase 6: Himanshu Warriors Pull Away (19 May – 31 May) 19–23 May Himanshu Warriors accelerated again. Onkar Legends overtook Abhishek Strikers and firmly established themselves as second. 24–27 May Onkar Legends crossed 8,000 points. Abhishek Strikers attempted a late comeback. Pranav Astra remained competitive but could not catch the leading trio. 29–31 May Himanshu Warriors crossed 9,000 points. Onkar Legends secured second place. Abhishek Strikers held third despite a late charge. Pranav Astra finished fourth. Mehul Challengers ended fifth after an impressive early tournament but slower growth later.

Sheet HW
A1: Sr no. | B1: Name | C1: Type | D1: Overseas | E1: Wicketkeeper | F1: Capped/Uncapped | G1: Bid Taken(cr) | H1: Points | I1: IPL | J1: Number | K1: Value | L1: Compare | M1: Diff
A2: 1 | B2: Khaleel Ahmed + Rabada | C2: Bowler | G2: 1.75 | H2: =CSK!E5+GT!F12 -> 1048 | I2: CSK + GT | J2: =G2*100 -> 175 | K2: =H2-J2 -> 873 | L2: =Points!H82+Points!L97 -> 1048 | M2: =H2-L2 -> 0
A3: 2 | B3: Tristan Stubbs | C3: Batter | D3: Yes | E3: Yes | G3: 3.25 | H3: =DC!E5 -> 459 | I3: DC | J3: =G3*100 -> 325 | K3: =H3-J3 -> 134 | L3: =Points!H83 -> 459 | M3: =H3-L3 -> 0
A4: 3 | B4: Kuldeep Yadav | C4: Bowler | G4: 3.75 | H4: =DC!E6 -> 388 | I4: DC | J4: =G4*100 -> 375 | K4: =H4-J4 -> 13 | L4: =Points!H84 -> 388 | M4: =H4-L4 -> 0
A5: 4 | B5: Shubman Gill | C5: Batter | G5: 15.5 | H5: =GT!F5 -> 1178 | I5: GT | J5: =G5*100 -> 1550 | K5: =H5-J5 -> -372 | L5: =Points!H85 -> 1178 | M5: =H5-L5 -> 0
A6: 5 | B6: Mohammad Siraj | C6: Bowler | G6: 3.25 | H6: =GT!F6 -> 775 | I6: GT | J6: =G6*100 -> 325 | K6: =H6-J6 -> 450 | L6: =Points!H86 -> 775 | M6: =H6-L6 -> 0
A7: 7 | B7: Angkrish Raghuvanshi | C7: Batter | F7: Uncapped | G7: 5.55 | H7: =KKR!E5 -> 676 | I7: KKR | J7: =G7*100 -> 555 | K7: =H7-J7 -> 121 | L7: =Points!H87 -> 676 | M7: =H7-L7 -> 0
A8: 8 | B8: Mitchell Marsh | C8: All-Rounder | D8: Yes | G8: 7 | H8: =LSG!E5 -> 854 | I8: LSG | J8: =G8*100 -> 700 | K8: =H8-J8 -> 154 | L8: =Points!H88 -> 854 | M8: =H8-L8 -> 0
A9: 9 | B9: Nicholas Pooran | C9: Batter | D9: Yes | E9: Yes | G9: 10 | H9: =LSG!E6 -> 425 | I9: LSG | J9: =G9*100 -> 1000 | K9: =H9-J9 -> -575 | L9: =Points!H89 -> 425 | M9: =H9-L9 -> 0
A10: 13 | B10: Marcus Stoinis | C10: All-Rounder | D10: Yes | G10: 2 | H10: =PBSK!E5 -> 415 | I10: PBSK | J10: =G10*100 -> 200 | K10: =H10-J10 -> 215 | L10: =Points!H90 -> 415 | M10: =H10-L10 -> 0
A11: 11 | B11: Prabhsimran Singh | C11: Batter | E11: Yes | F11: Uncapped | G11: 5.5 | H11: =PBSK!E6 -> 831 | I11: PBSK | J11: =G11*100 -> 550 | K11: =H11-J11 -> 281 | L11: =Points!H91 -> 831 | M11: =H11-L11 -> 0
A12: 12 | B12: Shashank Singh | C12: Batter | F12: Uncapped | G12: 3 | H12: =PBSK!E7 -> 350 | I12: PBSK | J12: =G12*100 -> 300 | K12: =H12-J12 -> 50 | L12: =Points!H92 -> 350 | M12: =H12-L12 -> 0
A13: 14 | B13: Jitesh Sharma | C13: Batter | E13: Yes | G13: 2.5 | H13: =RCB!E5 -> 357 | I13: RCB | J13: =G13*100 -> 250 | K13: =H13-J13 -> 107 | L13: =Points!H93 -> 357 | M13: =H13-L13 -> 0
A14: 6 | B14: Jofra Archer | C14: Bowler | D14: Yes | G14: 6 | H14: =RR!E5 -> 1083 | I14: RR | J14: =G14*100 -> 600 | K14: =H14-J14 -> 483 | L14: =Points!H94 -> 1083 | M14: =H14-L14 -> 0
A15: 15 | B15: Ravindra Jadeja | C15: All-Rounder | G15: 9.5 | H15: =RR!E6 -> 715 | I15: RR | J15: =G15*100 -> 950 | K15: =H15-J15 -> -235 | L15: =Points!H95 -> 715 | M15: =H15-L15 -> 0
A16: 10 | B16: Mohammed Shami | C16: Bowler | G16: 2 | H16: =LSG!E7 -> 543 | I16: LSG | J16: =G16*100 -> 200 | K16: =H16-J16 -> 343 | L16: =Points!H96 -> 543 | M16: =H16-L16 -> 0
G18: TOP 12 | H18: =SUM(LARGE(H2:H17, 1),LARGE(H2:H17,2),LARGE(H2:H17,3),LARGE(H2:H17,4),LARGE(H2:H17,5),LARGE(H2:H17, 6),LARGE(H2:H17,7),LARGE(H2:H17,8),LARGE(H2:H17,9),LARGE(H2:H17,10),LARGE(H2:H17,11),LARGE(H2:H17,12)) -> 9002 | I18: =IFERROR(__xludf.DUMMYFUNCTION("SUM(QUERY(H2:H16, ""SELECT Col1 WHERE Col1 IS NOT NULL ORDER BY Col1 DESC LIMIT 12"")) "),9002) -> 9002
G19: Total | H19: =SUM(Warriors[Points]) -> 10097
G20: Missed Top 12 Combo | H20: =IFERROR(__xludf.DUMMYFUNCTION("SUM(QUERY({H3:H16;H23:H100}, ""SELECT Col1 WHERE Col1 IS NOT NULL ORDER BY Col1 DESC LIMIT 12""))"),9600) -> 9600 | I20: Diffrence | J20: =H20-H18 -> 598
A21: Sr no. | B21: Name | C21: Type | D21: Overseas | E21: Wicketkeeper | F21: Capped/Uncapped | G21: Bid Taken(cr) | H21: Points | I21: IPL | J21: Number | K21: Value
A22: 1 | B22: Kagiso Rabada | C22: Bowler | D22: Yes | G22: 2 | H22: =GT!F12 -> 935 | I22: GT | J22: =G22*100 -> 200 | K22: =H22-J22 -> 735
A23: 2 | B23: Rinku Singh | C23: Batter | G23: 1.25 | H23: =KKR!E11 -> 536 | I23: KKR | J23: =G23*100 -> 125 | K23: =H23-J23 -> 411
A24: 3 | B24: Kartik Sharma | C24: Batter | E24: Yes | F24: Uncapped | G24: 0.55 | H24: =CSK!E14 -> 439 | I24: CSK | J24: =G24*100 -> 55 | K24: =H24-J24 -> 384
B25: KA | H25: =Points!H82 -> 113
B26: KR | H26: =Points!H97 -> 1109
N27: Himanshu Warriors
N28: Slow start but explosive growth from April onward.
N29: Took first place on 1 Apr.
N30: Regained the lead permanently on 28 Apr.
N31: Recorded the highest final score.
N32: Strongest late-tournament performer.
N34: Story: The ultimate comeback champions. And also one and only Defending champoin.
A50: Sr no. | B50: Name | C50: Type | D50: Overseas | E50: Wicketkeeper | F50: Capped/Uncapped | G50: Bid Taken(cr) | H50: Points | I50: IPL | J50: Number | K50: Value
A51: 1 | B51: Ashutosh Sharma | C51: All-Rounder | F51: Uncapped | G51: 0.3 | H51: =Extra!E5 -> 286 | I51: DC | J51: =G51*100 -> 30 | K51: =H51-J51 -> 256
A52: 2 | B52: Ben Duckett | C52: Batter | D52: Yes | E52: Yes | G52: 2 | H52: =Extra!E6 -> 0 | I52: DC | J52: =G52*100 -> 200 | K52: =H52-J52 -> -200
A53: 3 | B53: Corbin Bosch | C53: All-Rounder | D53: Yes | G53: 1.5 | H53: =Extra!E7 -> 507 | I53: MI | J53: =G53*100 -> 150 | K53: =H53-J53 -> 357
A54: 4 | B54: Tim David | C54: All-Rounder | D54: Yes | G54: 4 | H54: =Extra!E8 -> 510 | I54: RCB | J54: =G54*100 -> 400 | K54: =H54-J54 -> 110
A55: 5 | B55: Cooper Connolly | C55: All-Rounder | D55: Yes | G55: 2 | H55: =Extra!E9 -> 790 | I55: PBSK | J55: =G55*100 -> 200 | K55: =H55-J55 -> 590
A56: 6 | B56: Liam Livingstone | C56: All-Rounder | D56: Yes | G56: 2 | H56: =Extra!E10 -> 57 | I56: SRH | J56: =G56*100 -> 200 | K56: =H56-J56 -> -143
A57: 7 | B57: Vyshak Vijaykumar | C57: Bowler | F57: Uncapped | G57: 0.3 | H57: =Extra!E11 -> 267 | I57: PBSK | J57: =G57*100 -> 30 | K57: =H57-J57 -> 237
A58: 8 | B58: Suyash Sharma | C58: Bowler | F58: Uncapped | G58: 0.3 | H58: =Extra!E12 -> 350 | I58: RCB | J58: =G58*100 -> 30 | K58: =H58-J58 -> 320
A59: 9 | B59: David Miller | C59: Batter | D59: Yes | G59: 2 | H59: =Extra!E13 -> 384 | I59: DC | J59: =G59*100 -> 200 | K59: =H59-J59 -> 184

Sheet AS
A1: Sr no. | B1: Name | C1: Type | D1: Overseas | E1: Wicketkeeper | F1: Capped/Uncapped | G1: Bid Taken | H1: Points | I1: IPL | J1: Number | K1: Value | L1: Compare | M1: diff
A2: 2 | B2: Shivam Dube | C2: All-Rounder | G2: 3.25 | H2: =CSK!E10 -> 471 | I2: CSK | J2: =G2*100 -> 325 | K2: =H2-J2 -> 146 | L2: =Points!H5 -> 471 | M2: =H2-L2 -> 0
A3: 12 | B3: Sanju Samson | C3: Batter | E3: Yes | G3: 6 | H3: =CSK!E11 -> 770 | I3: CSK | J3: =G3*100 -> 600 | K3: =H3-J3 -> 170 | L3: =Points!H6 -> 770 | M3: =H3-L3 -> 0
A4: 3 | B4: Sai Sudharsan | C4: Batter | G4: 6.5 | H4: =GT!F9 -> 1089 | I4: GT | J4: =G4*100 -> 650 | K4: =H4-J4 -> 439 | L4: =Points!H7 -> 1089 | M4: =H4-L4 -> 0
A5: 4 | B5: Mohsin Khan | C5: Bowler | F5: Uncapped | G5: 0.3 | H5: =LSG!E11 -> 444 | I5: LSG | J5: =G5*100 -> 30 | K5: =H5-J5 -> 414 | L5: =Points!H8 -> 444 | M5: =H5-L5 -> 0
A6: 5 | B6: Tilak Varma | C6: Batter | G6: 5.5 | H6: =MI!E8 -> 629 | I6: MI | J6: =G6*100 -> 550 | K6: =H6-J6 -> 79 | L6: =Points!H9 -> 629 | M6: =H6-L6 -> 0
A7: 6 | B7: Quinton de Kock | C7: Batter | D7: Yes | G7: 3 | H7: =MI!E9 -> 221 | I7: MI | J7: =G7*100 -> 300 | K7: =H7-J7 -> -79 | L7: =Points!H10 -> 221 | M7: =H7-L7 -> 0
A8: 10 | B8: Jasprit Bumrah | C8: Bowler | G8: 11 | H8: =MI!E10 -> 301 | I8: MI | J8: =G8*100 -> 1100 | K8: =H8-J8 -> -799 | L8: =Points!H11 -> 301 | M8: =H8-L8 -> 0
A9: 1 | B9: Harpreet Brar | C9: All-Rounder | F9: Uncapped | G9: 0.3 | H9: =PBSK!E10 -> 98 | I9: PBSK | J9: =G9*100 -> 30 | K9: =H9-J9 -> 68 | L9: =Points!H12 -> 98 | M9: =H9-L9 -> 0
A10: 9 | B10: Yuzvendra Chahal | C10: Bowler | G10: 8.5 | H10: =PBSK!E11 -> 433 | I10: PBSK | J10: =G10*100 -> 850 | K10: =H10-J10 -> -417 | L10: =Points!H13 -> 433 | M10: =H10-L10 -> 0
A11: 11 | B11: Romario Shepherd | C11: All-Rounder | D11: Yes | G11: 2.5 | H11: =RCB!E11 -> 399 | I11: RCB | J11: =G11*100 -> 250 | K11: =H11-J11 -> 149 | L11: =Points!H14 -> 399 | M11: =H11-L11 -> 0
A12: 14 | B12: Vaibhav Suryavanshi | C12: All-Rounder | F12: Uncapped | G12: 7.55 | H12: =RR!E9 -> 1211 | I12: RR | J12: =G12*100 -> 755 | K12: =H12-J12 -> 456 | L12: =Points!H15 -> 1211 | M12: =H12-L12 -> 0
A13: 8 | B13: Ravi Bishnoi | C13: Bowler | G13: 6 | H13: =RR!E10 -> 401 | I13: RR | J13: =G13*100 -> 600 | K13: =H13-J13 -> -199 | L13: =Points!H16 -> 401 | M13: =H13-L13 -> 0
A14: 15 | B14: Abhishek Sharma | C14: All-Rounder | G14: 12.5 | H14: =SRH!E6 -> 955 | I14: SRH | J14: =G14*100 -> 1250 | K14: =H14-J14 -> -295 | L14: =Points!H17 -> 955 | M14: =H14-L14 -> 0
A15: 13 | B15: Ishan Kishan | C15: Batter | E15: Yes | G15: 10.5 | H15: =SRH!E7 -> 996 | I15: SRH | J15: =G15*100 -> 1050 | K15: =H15-J15 -> -54 | L15: =Points!H18 -> 996 | M15: =H15-L15 -> 0
A16: 3 | B16: Pat Cummins | C16: All-Rounder | D16: Yes | G16: 6 | H16: =SRH!E8 -> 357 | I16: SRH | J16: =G16*100 -> 600 | K16: =H16-J16 -> -243 | L16: =Points!H19 -> 357 | M16: =H16-L16 -> 0
G17: TOP 12 | H17: =SUM(LARGE(H2:H16, 1),LARGE(H2:H16,2),LARGE(H2:H16,3),LARGE(H2:H16,4),LARGE(H2:H16,5),LARGE(H2:H16, 6),LARGE(H2:H16,7),LARGE(H2:H16,8),LARGE(H2:H16,9),LARGE(H2:H16,10),LARGE(H2:H16,11),LARGE(H2:H16,12)) -> 8155
G18: TOTAL | H18: =SUM(Strikers[Points]) -> 8775
G20: Missed Top 12 Combo | H20: =IFERROR(__xludf.DUMMYFUNCTION("SUM(QUERY({H2:H16;H22:H100}, ""SELECT Col1 WHERE Col1 IS NOT NULL ORDER BY Col1 DESC LIMIT 12""))"),8402) -> 8402 | I20: Diffrence | J20: =H20-Strikers[[#Totals],[Points]] -> 247 | N20: Abhishek Strikers
N21: Tournament leader at the start.
A22: Sr no. | B22: Name | C22: Type | D22: Overseas | E22: Wicketkeeper | F22: Capped/Uncapped | G22: Bid Taken(cr) | H22: Points | I22: IPL | J22: Number | K22: Value | N22: Dominated early April.
A23: 1 | B23: Rasikh Dar | C23: Bowler | F23: Uncapped | G23: 0.3 | H23: =RCB!E14 -> 604 | I23: RCB | J23: =G23*100 -> 30 | K23: =H23-J23 -> 574 | N23: Lost the lead to Pranav Astra.
A24: 2 | B24: Matheesha Pathirana | C24: Bowler | F24: Capped | G24: 7 | H24: =KKR!E13 -> 8 | I24: KKR | J24: =G24*100 -> 700 | K24: =H24-J24 -> -692 | N24: Mounted several comebacks and briefly returned to first in late April.
A25: 7 | B25: Nathan Ellis | C25: Bowler | G25: 3 | H25: =CSK!E15 -> 0 | I25: CSK | J25: 450 | K25: =H25-J25 -> -450 | N25: Finished third.
N27: Story: Early king who fought until the very end.
A49: Sr no. | B49: Name | C49: Type | D49: Overseas | E49: Wicketkeeper | F49: Capped/Uncapped | G49: Bid Taken(cr) | H49: Points | I49: IPL | J49: Number | K49: Value
A50: 1 | B50: Yudhvir Singh | C50: All-Rounder | F50: Uncapped | G50: 0.3 | H50: =Extra!E16 -> 0 | I50: RR | J50: =G50*100 -> 30 | K50: =H50-J50 -> -30

Sheet PA
A1: Sr no. | B1: Name | C1: Type | D1: Overseas | E1: Wicketkeeper | F1: Capped/Uncapped | G1: Bid Taken | H1: Points | I1: IPL | J1: Number | K1: Value | L1: Compare | M1: Diff
A2: 4 | B2: Dewald Brevis | C2: Batter | D2: Overseas | F2: Capped | G2: 5.5 | H2: =CSK!E12 -> 357 | I2: CSK | J2: =G2*100 -> 550 | K2: =H2-J2 -> -193 | L2: =Points!H61 -> 357 | M2: =H2-L2 -> 0
A3: 8 | B3: Noor Ahmad | C3: Bowler | D3: Overseas | F3: Capped | G3: 5 | H3: =CSK!E13 -> 520 | I3: CSK | J3: =G3*100 -> 500 | K3: =H3-J3 -> 20 | L3: =Points!H62 -> 520 | M3: =H3-L3 -> 0
A4: 3 | B4: Auqib Nabi | C4: All-Rounder | F4: Uncapped | G4: 0.3 | H4: =DC!E11 -> 56 | I4: DC | J4: =G4*100 -> 30 | K4: =H4-J4 -> 26 | L4: =Points!H63 -> 56 | M4: =H4-L4 -> 0
A5: 6 | B5: Jos Buttler | C5: Batter | D5: Overseas | E5: Wicketkeeper | F5: Capped | G5: 11.5 | H5: =GT!F10 -> 1037 | I5: GT | J5: =G5*100 -> 1150 | K5: =H5-J5 -> -113 | L5: =Points!H64 -> 1037 | M5: =H5-L5 -> 0
A6: 10 | B6: Prasidh Krishna | C6: Bowler | F6: Capped | G6: 4.75 | H6: =GT!F11 -> 572 | I6: GT | J6: =G6*100 -> 475 | K6: =H6-J6 -> 97 | L6: =Points!H65 -> 572 | M6: =H6-L6 -> 0
A7: 2 | B7: Vaibhav Arora | C7: Bowler | F7: Uncapped | G7: 4.05 | H7: =KKR!E10 -> 405 | I7: KKR | J7: =G7*100 -> 405 | K7: =H7-J7 -> 0 | L7: =Points!H66 -> 405 | M7: =H7-L7 -> 0
A8: 12 | B8: Aiden Markram | C8: All-Rounder | D8: Overseas | F8: Capped | G8: 4.25 | H8: =LSG!E12 -> 431 | I8: LSG | J8: =G8*100 -> 425 | K8: =H8-J8 -> 6 | L8: =Points!H67 -> 431 | M8: =H8-L8 -> 0
A9: 13 | B9: Will Jacks | C9: All-Rounder | D9: Overseas | F9: Capped | G9: 5.5 | H9: =MI!E11 -> 307 | I9: MI | J9: =G9*100 -> 550 | K9: =H9-J9 -> -243 | L9: =Points!H68 -> 307 | M9: =H9-L9 -> 0
A10: 1 | B10: Nehal Wadhera | C10: Batter | F10: Uncapped | G10: 7.05 | H10: =PBSK!E12 -> 127 | I10: PBSK | J10: =G10*100 -> 705 | K10: =H10-J10 -> -578 | L10: =Points!H69 -> 127 | M10: =H10-L10 -> 0
A11: 7 | B11: Shreyas Iyer | C11: Batter | F11: Capped | G11: 8.5 | H11: =PBSK!E13 -> 815 | I11: PBSK | J11: =G11*100 -> 850 | K11: =H11-J11 -> -35 | L11: =Points!H70 -> 815 | M11: =H11-L11 -> 0
A12: 9 | B12: Devdutt Padikkal | C12: Batter | F12: Capped | G12: 2 | H12: =RCB!E12 -> 835 | I12: RCB | J12: =G12*100 -> 200 | K12: =H12-J12 -> 635 | L12: =Points!H71 -> 835 | M12: =H12-L12 -> 0
A13: 11 | B13: Virat Kohli | C13: Batter | F13: Capped | G13: 17 | H13: =RCB!E13 -> 1060 | I13: RCB | J13: =G13*100 -> 1700 | K13: =H13-J13 -> -640 | L13: =Points!H72 -> 1060 | M13: =H13-L13 -> 0
A14: 5 | B14: Riyan Parag | C14: All-Rounder | F14: Capped | G14: 2.5 | H14: =RR!E11 -> 564 | I14: RR | J14: =G14*100 -> 250 | K14: =H14-J14 -> 314 | L14: =Points!H73 -> 564 | M14: =H14-L14 -> 0
A15: 14 | B15: Harshal Patel | C15: All-Rounder | F15: Capped | G15: 2 | H15: =SRH!E9 -> 40 | I15: SRH | J15: =G15*100 -> 200 | K15: =H15-J15 -> -160 | L15: =Points!H74 -> 40 | M15: =H15-L15 -> 0
A16: 15 | B16: Heinrich Klaasen | C16: Batter | D16: Overseas | E16: Wicketkeeper | F16: Capped | G16: 6.5 | H16: =SRH!E10 -> 1016 | I16: SRH | J16: =G16*100 -> 650 | K16: =H16-J16 -> 366 | L16: =Points!H75 -> 1016 | M16: =H16-L16 -> 0
G17: TOP 12 | H17: =SUM(LARGE(H2:H16, 1),LARGE(H2:H16,2),LARGE(H2:H16,3),LARGE(H2:H16,4),LARGE(H2:H16,5),LARGE(H2:H16, 6),LARGE(H2:H16,7),LARGE(H2:H16,8),LARGE(H2:H16,9),LARGE(H2:H16,10),LARGE(H2:H16,11),LARGE(H2:H16,12)) -> 7919
G18: TOTAL | H18: =SUM(H2:H16) -> 8142
G19: Missed Top 12 Combo | H19: =IFERROR(__xludf.DUMMYFUNCTION("SUM(QUERY({H1:H16;H21:H99}, ""SELECT Col1 WHERE Col1 IS NOT NULL ORDER BY Col1 DESC LIMIT 12""))"),8038) -> 8038 | I19: Diffrence | J19: =H19-H17 -> 119
M22: Pranav Astra
A23: Sr no. | B23: Name | C23: Type | D23: Overseas | E23: Wicketkeeper | F23: Capped/Uncapped | G23: Bid Taken(cr) | H23: Points | I23: IPL | J23: Number | K23: Value | M23: One of the most consistent teams.
A24: 1 | B24: Nitish Rana | C24: All-Rounder | F24: Capped | G24: 2 | H24: =DC!E12 -> 381 | I24: DC | J24: =G24*100 -> 200 | K24: =H24-J24 -> 181 | M24: Dominated mid-April.
A25: 2 | B25: Trent Boult | C25: Bowler | F25: Capped | G25: 7 | H25: =MI!E13 -> 109 | I25: MI | J25: =G25*100 -> 700 | K25: =H25-J25 -> -591 | M25: Led for the longest uninterrupted stretch.
A26: 3 | B26: Venkatesh Iyer | C26: All-Rounder | F26: capped | G26: 5.5 | H26: =RCB!E15 -> 332 | I26: RCB | J26: =G26*100 -> 550 | K26: =H26-J26 -> -218 | M26: Stayed in the title race deep into the tournament.
M27: Eventually overtaken by faster-growing rivals.
M29: Story: The mid-season powerhouse.
A50: Sr no. | B50: Name | C50: Type | D50: Overseas | E50: Wicketkeeper | F50: Capped/Uncapped | G50: Bid Taken(cr) | H50: Points | I50: IPL | J50: Number | K50: Value
A51: 1 | B51: yash Dayal | C51: Bowler | F51: Uncapped | G51: 5.5 | H51: =Extra!E17 -> 0 | I51: RCB | J51: =G51*100 -> 550 | K51: =H51-J51 -> -550
A52: 2 | B52: Shardul Thakur | C52: All-Rounder | F52: Capped | G52: 0.75 | H52: =Extra!E18 -> 402 | I52: MI | J52: =G52*100 -> 75 | K52: =H52-J52 -> 327
A53: 3 | B53: Rahul Chahar | C53: Bowler | F53: Capped | G53: 1.75 | H53: =Extra!E19 -> 12 | I53: CSK | J53: =G53*100 -> 175 | K53: =H53-J53 -> -163

Sheet MC
A1: Sr no. | B1: Name | C1: Type | D1: Overseas | E1: Wicketkeeper | F1: Capped/Uncapped | G1: Bid Taken | H1: Points | I1: IPL | J1: Number | K1: Value | L1: Compare | M1: Diff
A2: 1 | B2: Ayush Mhatre + Sandeep Sharma | C2: Batter | F2: Uncapped | G2: 6.55 | H2: =CSK!E6+RR!E12 -> 312 | I2: CSK + RR | J2: 500 | K2: =H2-J2 -> -188 | L2: =Points!H24 -> 311 | M2: =H2-L2 -> 1
A3: 9 | B3: MS Dhoni | C3: Batter | E3: YES | F3: Uncapped | G3: 2 | H3: =CSK!E7 -> 0 | I3: CSK | J3: 1100 | K3: =H3-J3 -> -1100 | L3: =Points!H25 -> 0 | M3: =H3-L3 -> 0
A4: 7 | B4: Mitchell Starc | C4: Bowler | D4: YES | G4: 5.5 | H4: =DC!E7 -> 404 | I4: DC | J4: 250 | K4: =H4-J4 -> 154 | L4: =Points!H26 -> 404 | M4: =H4-L4 -> 0
A5: 4 | B5: Glenn Phillips | C5: Batter | D5: YES | G5: 1.5 | H5: =GT!F7 -> 165 | I5: GT | J5: 30 | K5: =H5-J5 -> 135 | L5: =Points!H27 -> 165 | M5: =H5-L5 -> 0
A6: 10 | B6: Sunil Narine | C6: All-Rounder | D6: YES | G6: 7.5 | H6: =KKR!E6 -> 688 | I6: KKR | J6: 600 | K6: =H6-J6 -> 88 | L6: =Points!H28 -> 688 | M6: =H6-L6 -> 0
A7: 12 | B7: Ajinkya Rahane | C7: Batter | G7: 4.75 | H7: =KKR!E7 -> 550 | I7: KKR | J7: 700 | K7: =H7-J7 -> -150 | L7: =Points!H29 -> 550 | M7: =H7-L7 -> 0
A8: 3 | B8: Ayush Badoni | C8: All-Rounder | F8: Uncapped | G8: 3 | H8: =LSG!E8 -> 348 | I8: LSG | J8: 450 | K8: =H8-J8 -> -102 | L8: =Points!H30 -> 348 | M8: =H8-L8 -> 0
A9: 6 | B9: Hardik Pandya | C9: All-Rounder | G9: 15 | H9: =MI!E5 -> 462 | I9: MI | J9: 800 | K9: =H9-J9 -> -338 | L9: =Points!H31 -> 462 | M9: =H9-L9 -> 0
A10: 5 | B10: Suryakumar Yadav | C10: Batter | G10: 16.5 | H10: =MI!E6 -> 432 | I10: MI | J10: 850 | K10: =H10-J10 -> -418 | L10: =Points!H32 -> 432 | M10: =H10-L10 -> 0
A11: 8 | B11: Rohit Sharma | C11: Batter | G11: 5.5 | H11: =MI!E7 -> 422 | I11: MI | J11: 1100 | K11: =H11-J11 -> -678 | L11: =Points!H33 -> 422 | M11: =H11-L11 -> 0
A12: 2 | B12: Priyansh Arya | C12: All-Rounder | F12: Uncapped | G12: 7.05 | H12: =PBSK!E8 -> 585 | I12: PBSK | J12: 300 | K12: =H12-J12 -> 285 | L12: =Points!H34 -> 585 | M12: =H12-L12 -> 0
A13: 13 | B13: Phil Salt | C13: Batter | D13: YES | E13: YES | G13: 6.5 | H13: =RCB!E6 -> 348 | I13: RCB | J13: 1000 | K13: =H13-J13 -> -652 | L13: =Points!H35 -> 348 | M13: =H13-L13 -> 0
A14: 11 | B14: Bhuvneshwar Kumar | C14: Bowler | G14: 3 | H14: =RCB!E7 -> 1051 | I14: RCB | J14: 850 | K14: =H14-J14 -> 201 | L14: =Points!H36 -> 1051 | M14: =H14-L14 -> 0
A15: 14 | B15: Josh Hazlewood | C15: Bowler | D15: YES | G15: 4 | H15: =RCB!E8 -> 643 | I15: RCB | J15: 750 | K15: =H15-J15 -> -107 | L15: =Points!H37 -> 643 | M15: =H15-L15 -> 0
A16: 15 | B16: Shimron Hetmyer | C16: Batter | D16: YES | G16: 0.75 | H16: =RR!E7 -> 169 | I16: RR | J16: 250 | K16: =H16-J16 -> -81 | L16: =Points!H38 -> 169 | M16: =H16-L16 -> 0
G17: TOP 12 | H17: =SUM(LARGE(H2:H16, 1),LARGE(H2:H16,2),LARGE(H2:H16,3),LARGE(H2:H16,4),LARGE(H2:H16,5),LARGE(H2:H16, 6),LARGE(H2:H16,7),LARGE(H2:H16,8),LARGE(H2:H16,9),LARGE(H2:H16,10),LARGE(H2:H16,11),LARGE(H2:H16,12)) -> 6245
G18: TOTAL | H18: =SUM(Challengers[Points]) -> 6579
G19: Missed Top 12 Combo | H19: =IFERROR(__xludf.DUMMYFUNCTION("SUM(QUERY({H1:H16;H21:H99}, ""SELECT Col1 WHERE Col1 IS NOT NULL ORDER BY Col1 DESC LIMIT 12""))"),6406) -> 6406 | I19: Diffrence | J19: =H19-Challengers[[#Totals],[Points]] -> 161 | M19: Mehul Challengers
M20: Excellent early momentum.
M21: Reached second place during the opening weeks.
A22: Sr no. | B22: Name | C22: Type | D22: Overseas | E22: Wicketkeeper | F22: Capped/Uncapped | G22: Bid Taken(cr) | H22: Points | I22: IPL | J22: Number | K22: Value | M22: Could not sustain the pace set by the leading teams.
A23: 1 | B23: Sandeep Sharma | C23: Bowler | G23: 2.5 | H23: =Points!H39 -> 193 | I23: RR | J23: =G23*100 -> 250 | K23: =H23-J23 -> -57 | M23: Continued steady growth but gradually fell behind.
A24: 2 | B24: Marco Jansen | C24: All-Rounder | G24: 8 | H24: =PBSK!E14 -> 473 | I24: PBSK | J24: =G24*100 -> 800 | K24: =H24-J24 -> -327
M25: Story: Fast starter, steady finisher.
A49: Sr no. | B49: Name | C49: Type | D49: Overseas | E49: Wicketkeeper | F49: Capped/Uncapped | G49: Bid Taken(cr) | H49: Points | I49: IPL | J49: Number | K49: Value

Sheet OL
A1: Sr no. | B1: Name | C1: Type | D1: Overseas | E1: Wicketkeeper | F1: Capped/Uncapped | G1: Bid Taken | H1: Points | I1: IPL | J1: Number | K1: Value | L1: Compare | M1: Diff
A2: 1 | B2: Prashant Veer | C2: All-Rounder | F2: Uncapped | G2: 3.05 | H2: =CSK!E8 -> 139 | I2: CSK | J2: =G2*100 -> 305 | K2: =H2-J2 -> -166 | L2: =Points!H41 -> 139 | M2: =H2-L2 -> 0
A3: 4 | B3: Ruturaj Gaikwad | C3: Batter | F3: Capped | G3: 12 | H3: =CSK!E9 -> 532 | I3: CSK | J3: =G3*100 -> 1200 | K3: =H3-J3 -> -668 | L3: =Points!H42 -> 532 | M3: =H3-L3 -> 0
A4: 6 | B4: Axar Patel | C4: All-Rounder | F4: Capped | G4: 8 | H4: =DC!E8 -> 724 | I4: DC | J4: =G4*100 -> 800 | K4: =H4-J4 -> -76 | L4: =Points!H43 -> 724 | M4: =H4-L4 -> 0
A5: 3 | B5: Abhishek Porel | C5: Batter | E5: yes | F5: Uncapped | G5: 0.8 | H5: =DC!E9 -> 157 | I5: DC | J5: =G5*100 -> 80 | K5: =H5-J5 -> 77 | L5: =Points!H44 -> 157 | M5: =H5-L5 -> 0
A6: 13 | B6: KL Rahul | C6: Batter | E6: yes | F6: Capped | G6: 9.5 | H6: =DC!E10 -> 903 | I6: DC | J6: =G6*100 -> 950 | K6: =H6-J6 -> -47 | L6: =Points!H45 -> 903 | M6: =H6-L6 -> 0
A7: 5 | B7: Rashid Khan | C7: Bowler | D7: yes | F7: Capped | G7: 5.5 | H7: =GT!F8 -> 874 | I7: GT | J7: =G7*100 -> 550 | K7: =H7-J7 -> 324 | L7: =Points!H46 -> 874 | M7: =H7-L7 -> 0
A8: 11 | B8: Cameron Green | C8: Batter | D8: yes | F8: Capped | G8: 7 | H8: =KKR!E8 -> 752 | I8: KKR | J8: =G8*100 -> 700 | K8: =H8-J8 -> 52 | L8: =Points!H47 -> 752 | M8: =H8-L8 -> 0
A9: 7 | B9: Varun Chakaravarthy | C9: Bowler | F9: Capped | G9: 4.75 | H9: =KKR!E9 -> 433 | I9: KKR | J9: =G9*100 -> 475 | K9: =H9-J9 -> -42 | L9: =Points!H48 -> 433 | M9: =H9-L9 -> 0
A10: 2 | B10: Digvesh Singh | C10: Bowler | F10: Uncapped | G10: 0.3 | H10: =LSG!E9 -> 245 | I10: LSG | J10: =G10*100 -> 30 | K10: =H10-J10 -> 215 | L10: =Points!H49 -> 245 | M10: =H10-L10 -> 0
A11: 9 | B11: Rishabh Pant | C11: Batter | E11: yes | F11: Capped | G11: 8.5 | H11: =LSG!E10 -> 560 | I11: LSG | J11: =G11*100 -> 850 | K11: =H11-J11 -> -290 | L11: =Points!H50 -> 560 | M11: =H11-L11 -> 0
A12: 12 | B12: Arshdeep Singh | C12: Bowler | F12: Capped | G12: 5 | H12: =PBSK!E9 -> 536 | I12: PBSK | J12: =G12*100 -> 500 | K12: =H12-J12 -> 36 | L12: =Points!H51 -> 536 | M12: =H12-L12 -> 0
A13: 15 | B13: Krunal Pandya | C13: All-Rounder | F13: Capped | G13: 2.5 | H13: =RCB!E9 -> 836 | I13: RCB | J13: =G13*100 -> 250 | K13: =H13-J13 -> 586 | L13: =Points!H52 -> 836 | M13: =H13-L13 -> 0
A14: 8 | B14: Rajat Patidar | C14: Batter | F14: Capped | G14: 3.75 | H14: =RCB!E10 -> 845 | I14: RCB | J14: =G14*100 -> 375 | K14: =H14-J14 -> 470 | L14: =Points!H53 -> 845 | M14: =H14-L14 -> 0
A15: 10 | B15: Yashaswi Jaiswal | C15: Batter | F15: Capped | G15: 11.5 | H15: =RR!E8 -> 693 | I15: RR | J15: =G15*100 -> 1150 | K15: =H15-J15 -> -457 | L15: =Points!H54 -> 693 | M15: =H15-L15 -> 0
A16: 14 | B16: Travis Head | C16: Batter | D16: yes | F16: Capped | G16: 8 | H16: =SRH!E5 -> 653 | I16: SRH | J16: =G16*100 -> 800 | K16: =H16-J16 -> -147 | L16: =Points!H55 -> 653 | M16: =H16-L16 -> 0
G17: TOP 12 | H17: =SUM(LARGE(H2:H16, 1),LARGE(H2:H16,2),LARGE(H2:H16,3),LARGE(H2:H16,4),LARGE(H2:H16,5),LARGE(H2:H16, 6),LARGE(H2:H16,7),LARGE(H2:H16,8),LARGE(H2:H16,9),LARGE(H2:H16,10),LARGE(H2:H16,11),LARGE(H2:H16,12)) -> 8341
G18: TOTAL | H18: =SUM(Legends[Points]) -> 8882
G19: Missed Top 12 Combo | H19: =IFERROR(__xludf.DUMMYFUNCTION("SUM(QUERY({H1:H16;H21:H99}, ""SELECT Col1 WHERE Col1 IS NOT NULL ORDER BY Col1 DESC LIMIT 12""))"),8960) -> 8960 | I19: Diffrence | J19: =H19-Legends[[#Totals],[Points]] -> 619 | M19: Onkar Legends
M20: Began near the bottom.
A21: Sr no. | B21: Name | C21: Type | D21: Overseas | E21: Wicketkeeper | F21: Capped/Uncapped | G21: Bid Taken(cr) | H21: Points | I21: IPL | J21: Number | K21: Value | M21: Consistently climbed throughout April.
A22: 1 | B22: Nitish Kumar Reddy | C22: Batter | F22: Capped | G22: 1.25 | H22: =SRH!E11 -> 798 | I22: SRH | J22: =G22*100 -> 125 | K22: =H22-J22 -> 673 | M22: Never truly dominated the lead but became stronger every week.
A23: 2 | B23: Naman Dhir | C23: Batter | F23: Uncapped | G23: 2.8 | H23: =MI!E12 -> 553 | I23: MI | J23: =G23*100 -> 280 | K23: =H23-J23 -> 273 | M23: Finished second after one of the tournament's best long-term growth curves.
A24: 3 | B24: Finn Allen | C24: Batter | E24: yes | F24: Capped | G24: 2 | H24: =KKR!E12 -> 552 | I24: KKR | J24: =G24*100 -> 200 | K24: =H24-J24 -> 352
M25: Story: The tournament's biggest climber.
A49: Sr no. | B49: Name | C49: Type | D49: Overseas | E49: Wicketkeeper | F49: Capped/Uncapped | G49: Bid Taken(cr) | H49: Points | I49: IPL | J49: Number | K49: Value
A50: 1 | B50: Rahul Tewatia | C50: All-Rounder | F50: Uncapped | G50: 0.75 | H50: =Extra!E14 -> 320 | I50: GT | J50: =G50*100 -> 75 | K50: =H50-J50 -> 245
A51: 2 | B51: Jason Holder | C51: All-Rounder | F51: Capped | G51: 2.25 | H51: =Extra!E15 -> 769 | I51: GT | J51: =G51*100 -> 225 | K51: =H51-J51 -> 544
J52: =G52*100 -> 0 | K52: =H52-J52 -> 0

Sheet Performance
A1: Name | B1: Team | C1: IPL | D1: Points | L1: Type | M1: Value | N1: Efficiency
A2: Prashant Veer | B2: OL | C2: CSK | D2: =OL!H2 -> 139 | L2: All-Rounder | M2: =OL!K2 -> -166 | N2: =D2/OL!J2 -> 0.4557377
A3: Ruturaj Gaikwad | B3: OL | C3: CSK | D3: =OL!H3 -> 532 | L3: Batter | M3: =OL!K3 -> -668 | N3: =D3/OL!J3 -> 0.44333333
A4: Axar Patel | B4: OL | C4: DC | D4: =OL!H4 -> 724 | L4: All-Rounder | M4: =OL!K4 -> -76 | N4: =D4/OL!J4 -> 0.905
A5: Abhishek Porel | B5: OL | C5: DC | D5: =OL!H5 -> 157 | L5: Batter | M5: =OL!K5 -> 77 | N5: =D5/OL!J5 -> 1.9625
A6: KL Rahul | B6: OL | C6: DC | D6: =OL!H6 -> 903 | L6: Batter | M6: =OL!K6 -> -47 | N6: =D6/OL!J6 -> 0.95052632
A7: Rashid Khan | B7: OL | C7: GT | D7: =OL!H7 -> 874 | L7: Bowler | M7: =OL!K7 -> 324 | N7: =D7/OL!J7 -> 1.5890909
A8: Cameron Green | B8: OL | C8: KKR | D8: =OL!H8 -> 752 | L8: Batter | M8: =OL!K8 -> 52 | N8: =D8/OL!J8 -> 1.0742857
A9: Varun Chakaravarthy | B9: OL | C9: KKR | D9: =OL!H9 -> 433 | L9: Bowler | M9: =OL!K9 -> -42 | N9: =D9/OL!J9 -> 0.91157895
A10: Digvesh Singh | B10: OL | C10: LSG | D10: =OL!H10 -> 245 | L10: Bowler | M10: =OL!K10 -> 215 | N10: =D10/OL!J10 -> 8.1666667
A11: Rishabh Pant | B11: OL | C11: LSG | D11: =OL!H11 -> 560 | L11: Batter | M11: =OL!K11 -> -290 | N11: =D11/OL!J11 -> 0.65882353
A12: Arshdeep Singh | B12: OL | C12: PBSK | D12: =OL!H12 -> 536 | L12: Bowler | M12: =OL!K12 -> 36 | N12: =D12/OL!J12 -> 1.072
A13: Krunal Pandya | B13: OL | C13: RCB | D13: =OL!H13 -> 836 | L13: All-Rounder | M13: =OL!K13 -> 586 | N13: =D13/OL!J13 -> 3.344
... A16: Travis Head | B16: OL | C16: SRH | D16: =OL!H16 -> 653 | L16: Batter | M16: =OL!K16 -> -147 | N16: =D16/OL!J16 -> 0.81625
A17: Khaleel + Rabada | B17: HW | C17: CSK/GT | D17: =HW!H2 -> 1048 | L17: Bowler | M17: =HW!K2 -> 873 | N17: =D17/HW!J2 -> 5.9885714
A18: Tristan Stubbs | B18: HW | C18: DC | D18: =HW!H3 -> 459 | L18: Batter | M18: =HW!K3 -> 134 | N18: =D18/HW!J3 -> 1.4123077
A19: Kuldeep Yadav | B19: HW | C19: DC | D19: =HW!H4 -> 388 | L19: Bowler | M19: =HW!K4 -> 13 | N19: =D19/HW!J4 -> 1.0346667
A20: Shubman Gill | B20: HW | C20: GT | D20: =HW!H5 -> 1178 | L20: Batter | M20: =HW!K5 -> -372 | N20: =D20/HW!J5 -> 0.76
A21: Mohammad Siraj | B21: HW | C21: GT | D21: =HW!H6 -> 775 | L21: Bowler | M21: =HW!K6 -> 450 | N21: =D21/HW!J6 -> 2.3846154
A22: Angkrish Raghuvanshi | B22: HW | C22: KKR | D22: =HW!H7 -> 676 | L22: Batter | M22: =HW!K7 -> 121 | N22: =D22/HW!J7 -> 1.218018
A23: Mitchell Marsh | B23: HW | C23: LSG | D23: =HW!H8 -> 854 | L23: All-Rounder | M23: =HW!K8 -> 154 | N23: =D23/HW!J8 -> 1.22
A24: Nicholas Pooran | B24: HW | C24: LSG | D24: =HW!H9 -> 425 | L24: Batter | M24: =HW!K9 -> -575 | N24: =D24/HW!J9 -> 0.425
A25: Marcus Stoinis | B25: HW | C25: PBSK | D25: =HW!H10 -> 415 | L25: All-Rounder | M25: =HW!K10 -> 215 | N25: =D25/HW!J10 -> 2.075
A26: Prabhsimran Singh | B26: HW | C26: PBSK | D26: =HW!H11 -> 831 | L26: Batter | M26: =HW!K11 -> 281 | N26: =D26/HW!J11 -> 1.5109091
A27: Shashank Singh | B27: HW | C27: PBSK | D27: =HW!H12 -> 350 | L27: Batter | M27: =HW!K12 -> 50 | N27: =D27/HW!J12 -> 1.1666667
A28: Jitesh Sharma | B28: HW | C28: RCB | D28: =HW!H13 -> 357 | L28: Batter | M28: =HW!K13 -> 107 | N28: =D28/HW!J13 -> 1.428
... A31: Mohammed Shami | B31: HW | C31: LSG | D31: =HW!H16 -> 543 | L31: Bowler | M31: =HW!K16 -> 343 | N31: =D31/HW!J16 -> 2.715
A32: Dewald Brevis | B32: PA | C32: CSK | D32: =PA!H2 -> 357 | L32: Batter | M32: =PA!K2 -> -193 | N32: =D32/PA!J2 -> 0.64909091
A33: Noor Ahmad | B33: PA | C33: CSK | D33: =PA!H3 -> 520 | L33: Bowler | M33: =PA!K3 -> 20 | N33: =D33/PA!J3 -> 1.04
A34: Auqib Nabi | B34: PA | C34: DC | D34: =PA!H4 -> 56 | L34: All-Rounder | M34: =PA!K4 -> 26 | N34: =D34/PA!J4 -> 1.8666667
A35: Jos Buttler | B35: PA | C35: GT | D35: =PA!H5 -> 1037 | L35: Batter | M35: =PA!K5 -> -113 | N35: =D35/PA!J5 -> 0.90173913
A36: Prasidh Krishna | B36: PA | C36: GT | D36: =PA!H6 -> 572 | L36: Bowler | M36: =PA!K6 -> 97 | N36: =D36/PA!J6 -> 1.2042105
A37: Vaibhav Arora | B37: PA | C37: KKR | D37: =PA!H7 -> 405 | L37: Bowler | M37: =PA!K7 -> 0 | N37: =D37/PA!J7 -> 1
A38: Aiden Markram | B38: PA | C38: LSG | D38: =PA!H8 -> 431 | L38: All-Rounder | M38: =PA!K8 -> 6 | N38: =D38/PA!J8 -> 1.0141176
A39: Will Jacks | B39: PA | C39: MI | D39: =PA!H9 -> 307 | L39: All-Rounder | M39: =PA!K9 -> -243 | N39: =D39/PA!J9 -> 0.55818182
A40: Nehal Wadhera | B40: PA | C40: PBSK | D40: =PA!H10 -> 127 | L40: Batter | M40: =PA!K10 -> -578 | N40: =D40/PA!J10 -> 0.18014184
A41: Shreyas Iyer | B41: PA | C41: PBSK | D41: =PA!H11 -> 815 | L41: Batter | M41: =PA!K11 -> -35 | N41: =D41/PA!J11 -> 0.95882353
A42: Devdutt Padikkal | B42: PA | C42: RCB | D42: =PA!H12 -> 835 | L42: Batter | M42: =PA!K12 -> 635 | N42: =D42/PA!J12 -> 4.175
A43: Virat Kohli | B43: PA | C43: RCB | D43: =PA!H13 -> 1060 | L43: Batter | M43: =PA!K13 -> -640 | N43: =D43/PA!J13 -> 0.62352941
... A46: Heinrich Klaasen | B46: PA | C46: SRH | D46: =PA!H16 -> 1016 | L46: Batter | M46: =PA!K16 -> 366 | N46: =D46/PA!J16 -> 1.5630769
A47: Ayush Mhatre | B47: MC | C47: CSK | D47: =MC!H2 -> 312 | L47: Batter | M47: =MC!K2 -> -188 | N47: =D47/MC!J2 -> 0.624
A48: MS Dhoni | B48: MC | C48: CSK | D48: =MC!H3 -> 0 | L48: Batter | M48: =MC!K3 -> -1100 | N48: =D48/MC!J3 -> 0
A49: Mitchell Starc | B49: MC | C49: DC | D49: =MC!H4 -> 404 | L49: Bowler | M49: =MC!K4 -> 154 | N49: =D49/MC!J4 -> 1.616
A50: Glenn Phillips | B50: MC | C50: GT | D50: =MC!H5 -> 165 | L50: Batter | M50: =MC!K5 -> 135 | N50: =D50/MC!J5 -> 5.5
A51: Sunil Narine | B51: MC | C51: KKR | D51: =MC!H6 -> 688 | L51: All-Rounder | M51: =MC!K6 -> 88 | N51: =D51/MC!J6 -> 1.1466667
A52: Ajinkya Rahane | B52: MC | C52: KKR | D52: =MC!H7 -> 550 | L52: Batter | M52: =MC!K7 -> -150 | N52: =D52/MC!J7 -> 0.78571429
A53: Ayush Badoni | B53: MC | C53: LSG | D53: =MC!H8 -> 348 | L53: All-Rounder | M53: =MC!K8 -> -102 | N53: =D53/MC!J8 -> 0.77333333
A54: Hardik Pandya | B54: MC | C54: MI | D54: =MC!H9 -> 462 | L54: All-Rounder | M54: =MC!K9 -> -338 | N54: =D54/MC!J9 -> 0.5775
A55: Suryakumar Yadav | B55: MC | C55: MI | D55: =MC!H10 -> 432 | L55: Batter | M55: =MC!K10 -> -418 | N55: =D55/MC!J10 -> 0.50823529
A56: Rohit Sharma | B56: MC | C56: MI | D56: =MC!H11 -> 422 | L56: Batter | M56: =MC!K11 -> -678 | N56: =D56/MC!J11 -> 0.38363636
A57: Priyansh Arya | B57: MC | C57: PBSK | D57: =MC!H12 -> 585 | L57: All-Rounder | M57: =MC!K12 -> 285 | N57: =D57/MC!J12 -> 1.95
A58: Phil Salt | B58: MC | C58: RCB | D58: =MC!H13 -> 348 | L58: Batter | M58: =MC!K13 -> -652 | N58: =D58/MC!J13 -> 0.348
... A61: Shimron Hetmyer | B61: MC | C61: RR | D61: =MC!H16 -> 169 | L61: Batter | M61: =MC!K16 -> -81 | N61: =D61/MC!J16 -> 0.676
A62: Shivam Dube | B62: AS | C62: CSK | D62: =AS!H2 -> 471 | L62: All-Rounder | M62: =AS!K2 -> 146 | N62: =D62/AS!J2 -> 1.4492308
A63: Sanju Samson | B63: AS | C63: CSK | D63: =AS!H3 -> 770 | L63: Batter | M63: =AS!K3 -> 170 | N63: =D63/AS!J3 -> 1.2833333
A64: Sai Sudharsan | B64: AS | C64: GT | D64: =AS!H4 -> 1089 | L64: Batter | M64: =AS!K4 -> 439 | N64: =D64/AS!J4 -> 1.6753846
A65: Mohsin Khan | B65: AS | C65: LSG | D65: =AS!H5 -> 444 | L65: Bowler | M65: =AS!K5 -> 414 | N65: =D65/AS!J5 -> 14.8
A66: Tilak Varma | B66: AS | C66: MI | D66: =AS!H6 -> 629 | L66: Batter | M66: =AS!K6 -> 79 | N66: =D66/AS!J6 -> 1.1436364
A67: Quinton de Kock | B67: AS | C67: MI | D67: =AS!H7 -> 221 | L67: Batter | M67: =AS!K7 -> -79 | N67: =D67/AS!J7 -> 0.73666667
A68: Jasprit Bumrah | B68: AS | C68: MI | D68: =AS!H8 -> 301 | L68: Bowler | M68: =AS!K8 -> -799 | N68: =D68/AS!J8 -> 0.27363636
A69: Harpreet Brar | B69: AS | C69: PBSK | D69: =AS!H9 -> 98 | L69: All-Rounder | M69: =AS!K9 -> 68 | N69: =D69/AS!J9 -> 3.2666667
A70: Yuzvendra Chahal | B70: AS | C70: PBSK | D70: =AS!H10 -> 433 | L70: Bowler | M70: =AS!K10 -> -417 | N70: =D70/AS!J10 -> 0.50941176
A71: Romario Shepherd | B71: AS | C71: RCB | D71: =AS!H11 -> 399 | L71: All-Rounder | M71: =AS!K11 -> 149 | N71: =D71/AS!J11 -> 1.596
A72: Vaibhav Suryavanshi | B72: AS | C72: RR | D72: =AS!H12 -> 1211 | L72: All-Rounder | M72: =AS!K12 -> 456 | N72: =D72/AS!J12 -> 1.6039735
A73: Ravi Bishnoi | B73: AS | C73: RR | D73: =AS!H13 -> 401 | L73: Bowler | M73: =AS!K13 -> -199 | N73: =D73/AS!J13 -> 0.66833333
... A76: Pat Cummins | B76: AS | C76: SRH | D76: =AS!H16 -> 357 | L76: All-Rounder | M76: =AS!K16 -> -243 | N76: =D76/AS!J16 -> 0.595

Sheet STATS
A1: Sr.No. | B1: Team Name | C1: TOP 12 | D1: TOTAL | E1: Ranking
A2: 2 | B2: Himanshu Warriors | C2: =HW!H18 -> 9002 | D2: =HW!H19 -> 10097 | E2: =RANK(C2,C:C, FALSE)+COUNTIF(C$2:C2,C2)-1 -> 1 | H2: =VLOOKUP("Himanshu Warriors", B:E, 4,FALSE) -> 1 | J2: =VLOOKUP("Mehul Challengers", B:E, 4,FALSE) -> 5 | N2: =VLOOKUP("Onkar Legends", B:E, 4,FALSE) -> 2 | P2: =VLOOKUP("Abhishek Strikers", B:E, 4,FALSE) -> 3 | T2: =VLOOKUP("Pranav Astra", B:E, 4,FALSE) -> 4
A3: 4 | B3: Onkar Legends | C3: =Legends[[#Totals],[Points]] -> 8341 | D3: =OL!H18 -> 8882 | E3: =RANK(C3,C:C, FALSE)+COUNTIF(C$2:C3,C3)-1 -> 2
A4: 1 | B4: Abhishek Strikers | C4: =Strikers[[#Totals],[Points]] -> 8155 | D4: =AS!H18 -> 8775 | E4: =RANK(C4,C:C, FALSE)+COUNTIF(C$2:C4,C4)-1 -> 3
A5: 3 | B5: Pranav Astra | C5: =PA!H17 -> 7919 | D5: =PA!H18 -> 8142 | E5: =RANK(C5,C:C, FALSE)+COUNTIF(C$2:C5,C5)-1 -> 4
A6: 5 | B6: Mehul Challengers | C6: =Challengers[[#Totals],[Points]] -> 6245 | D6: =MC!H18 -> 6579 | E6: =RANK(C6,C:C, FALSE)+COUNTIF(C$2:C6,C6)-1 -> 5
A10: ---- TOP PERFORMER ---- | G10: ---- TOP BATTER ---- | M10: ---- TOP BOWLER ---- | S10: ---- TOP ALL-ROUNDER ----
A11: Sr.No. | B11: =IFERROR(__xludf.DUMMYFUNCTION("QUERY(Performance!A:D, ""SELECT A, B, C, D ORDER BY D DESC LIMIT 12"", 1)"),"Name") -> Name | C11: =IFERROR(__xludf.DUMMYFUNCTION("""COMPUTED_VALUE"""),"Team") -> Team | D11: =IFERROR(__xludf.DUMMYFUNCTION("""COMPUTED_VALUE"""),"IPL") -> IPL | E11: =IFERROR(__xludf.DUMMYFUNCTION("""COMPUTED_VALUE"""),"Points") -> Points | G11: Sr.No. | H11: =IFERROR(__xludf.DUMMYFUNCTION("QUERY(Performance!A:L, ""SELECT A, B, C, D WHERE L = 'Batter' ORDER BY D DESC LIMIT 10"", 1) "),"Name") -> Name | I11: =IFERROR(__xludf.DUMMYFUNCTION("""COMPUTED_VALUE"""),"Team") -> Team | J11: =IFERROR(__xludf.DUMMYFUNCTION("""COMPUTED_VALUE"""),"IPL") -> IPL | K11: =IFERROR(__xludf.DUMMYFUNCTION("""COMPUTED_VALUE"""),"Points") -> Points | M11: Sr.No. | N11: =IFERROR(__xludf.DUMMYFUNCTION("QUERY(Performance!A:L, ""SELECT A, B, C, D WHERE L = 'Bowler' ORDER BY D DESC LIMIT 10"", 1) "),"Name") -> Name | O11: =IFERROR(__xludf.DUMMYFUNCTION("""COMPUTED_VALUE"""),"Team") -> Team | P11: =IFERROR(__xludf.DUMMYFUNCTION("""COMPUTED_VALUE"""),"IPL") -> IPL | Q11: =IFERROR(__xludf.DUMMYFUNCTION("""COMPUTED_VALUE"""),"Points") -> Points | S11: Sr.No. | T11: =IFERROR(__xludf.DUMMYFUNCTION("QUERY(Performance!A:L, ""SELECT A, B, C, D WHERE L = 'All-Rounder' ORDER BY D DESC LIMIT 10"", 1) "),"Name") -> Name | U11: =IFERROR(__xludf.DUMMYFUNCTION("""COMPUTED_VALUE"""),"Team") -> Team | V11: =IFERROR(__xludf.DUMMYFUNCTION("""COMPUTED_VALUE"""),"IPL") -> IPL | W11: =IFERROR(__xludf.DUMMYFUNCTION("""COMPUTED_VALUE"""),"Points") -> Points
A12: 1 | B12: =IFERROR(__xludf.DUMMYFUNCTION("""COMPUTED_VALUE"""),"Vaibhav Suryavanshi") -> Vaibhav Suryavanshi | C12: =IFERROR(__xludf.DUMMYFUNCTION("""COMPUTED_VALUE"""),"AS") -> AS | D12: =IFERROR(__xludf.DUMMYFUNCTION("""COMPUTED_VALUE"""),"RR") -> RR | E12: =IFERROR(__xludf.DUMMYFUNCTION("""COMPUTED_VALUE"""),1211) -> 1211 | G12: 1 | H12: =IFERROR(__xludf.DUMMYFUNCTION("""COMPUTED_VALUE"""),"Shubman Gill") -> Shubman Gill | I12: =IFERROR(__xludf.DUMMYFUNCTION("""COMPUTED_VALUE"""),"HW") -> HW | J12: =IFERROR(__xludf.DUMMYFUNCTION("""COMPUTED_VALUE"""),"GT") -> GT | K12: =IFERROR(__xludf.DUMMYFUNCTION("""COMPUTED_VALUE"""),1178) -> 1178 | M12: 1 | N12: =IFERROR(__xludf.DUMMYFUNCTION("""COMPUTED_VALUE"""),"Jofra Archer") -> Jofra Archer | O12: =IFERROR(__xludf.DUMMYFUNCTION("""COMPUTED_VALUE"""),"HW") -> HW | P12: =IFERROR(__xludf.DUMMYFUNCTION("""COMPUTED_VALUE"""),"RR") -> RR | Q12: =IFERROR(__xludf.DUMMYFUNCTION("""COMPUTED_VALUE"""),1083) -> 1083 | S12: 1 | T12: =IFERROR(__xludf.DUMMYFUNCTION("""COMPUTED_VALUE"""),"Vaibhav Suryavanshi") -> Vaibhav Suryavanshi | U12: =IFERROR(__xludf.DUMMYFUNCTION("""COMPUTED_VALUE"""),"AS") -> AS | V12: =IFERROR(__xludf.DUMMYFUNCTION("""COMPUTED_VALUE"""),"RR") -> RR | W12: =IFERROR(__xludf.DUMMYFUNCTION("""COMPUTED_VALUE"""),1211) -> 1211
A13: 2 | B13: =IFERROR(__xludf.DUMMYFUNCTION("""COMPUTED_VALUE"""),"Shubman Gill") -> Shubman Gill | C13: =IFERROR(__xludf.DUMMYFUNCTION("""COMPUTED_VALUE"""),"HW") -> HW | D13: =IFERROR(__xludf.DUMMYFUNCTION("""COMPUTED_VALUE"""),"GT") -> GT | E13: =IFERROR(__xludf.DUMMYFUNCTION("""COMPUTED_VALUE"""),1178) -> 1178 | G13: 2 | H13: =IFERROR(__xludf.DUMMYFUNCTION("""COMPUTED_VALUE"""),"Sai Sudharsan") -> Sai Sudharsan | I13: =IFERROR(__xludf.DUMMYFUNCTION("""COMPUTED_VALUE"""),"AS") -> AS | J13: =IFERROR(__xludf.DUMMYFUNCTION("""COMPUTED_VALUE"""),"GT") -> GT | K13: =IFERROR(__xludf.DUMMYFUNCTION("""COMPUTED_VALUE"""),1089) -> 1089 | M13: 2 | N13: =IFERROR(__xludf.DUMMYFUNCTION("""COMPUTED_VALUE"""),"Bhuvneshwar Kumar") -> Bhuvneshwar Kumar | O13: =IFERROR(__xludf.DUMMYFUNCTION("""COMPUTED_VALUE"""),"MC") -> MC | P13: =IFERROR(__xludf.DUMMYFUNCTION("""COMPUTED_VALUE"""),"RCB") -> RCB | Q13: =IFERROR(__xludf.DUMMYFUNCTION("""COMPUTED_VALUE"""),1051) -> 1051 | S13: 2 | T13: =IFERROR(__xludf.DUMMYFUNCTION("""COMPUTED_VALUE"""),"Abhishek Sharma") -> Abhishek Sharma | U13: =IFERROR(__xludf.DUMMYFUNCTION("""COMPUTED_VALUE"""),"AS") -> AS | V13: =IFERROR(__xludf.DUMMYFUNCTION("""COMPUTED_VALUE"""),"SRH") -> SRH | W13: =IFERROR(__xludf.DUMMYFUNCTION("""COMPUTED_VALUE"""),955) -> 955
A14: 3 | B14: =IFERROR(__xludf.DUMMYFUNCTION("""COMPUTED_VALUE"""),"Sai Sudharsan") -> Sai Sudharsan | C14: =IFERROR(__xludf.DUMMYFUNCTION("""COMPUTED_VALUE"""),"AS") -> AS | D14: =IFERROR(__xludf.DUMMYFUNCTION("""COMPUTED_VALUE"""),"GT") -> GT | E14: =IFERROR(__xludf.DUMMYFUNCTION("""COMPUTED_VALUE"""),1089) -> 1089 | G14: 3 | H14: =IFERROR(__xludf.DUMMYFUNCTION("""COMPUTED_VALUE"""),"Virat Kohli") -> Virat Kohli | I14: =IFERROR(__xludf.DUMMYFUNCTION("""COMPUTED_VALUE"""),"PA") -> PA | J14: =IFERROR(__xludf.DUMMYFUNCTION("""COMPUTED_VALUE"""),"RCB") -> RCB | K14: =IFERROR(__xludf.DUMMYFUNCTION("""COMPUTED_VALUE"""),1060) -> 1060 | M14: 3 | N14: =IFERROR(__xludf.DUMMYFUNCTION("""COMPUTED_VALUE"""),"Khaleel + Rabada") -> Khaleel + Rabada | O14: =IFERROR(__xludf.DUMMYFUNCTION("""COMPUTED_VALUE"""),"HW") -> HW | P14: =IFERROR(__xludf.DUMMYFUNCTION("""COMPUTED_VALUE"""),"CSK/GT") -> CSK/GT | Q14: =IFERROR(__xludf.DUMMYFUNCTION("""COMPUTED_VALUE"""),1048) -> 1048 | S14: 3 | T14: =IFERROR(__xludf.DUMMYFUNCTION("""COMPUTED_VALUE"""),"Mitchell Marsh") -> Mitchell Marsh | U14: =IFERROR(__xludf.DUMMYFUNCTION("""COMPUTED_VALUE"""),"HW") -> HW | V14: =IFERROR(__xludf.DUMMYFUNCTION("""COMPUTED_VALUE"""),"LSG") -> LSG | W14: =IFERROR(__xludf.DUMMYFUNCTION("""COMPUTED_VALUE"""),854) -> 854
A15: 4 | B15: =IFERROR(__xludf.DUMMYFUNCTION("""COMPUTED_VALUE"""),"Jofra Archer") -> Jofra Archer | C15: =IFERROR(__xludf.DUMMYFUNCTION("""COMPUTED_VALUE"""),"HW") -> HW | D15: =IFERROR(__xludf.DUMMYFUNCTION("""COMPUTED_VALUE"""),"RR") -> RR | E15: =IFERROR(__xludf.DUMMYFUNCTION("""COMPUTED_VALUE"""),1083) -> 1083 | G15: 4 | H15: =IFERROR(__xludf.DUMMYFUNCTION("""COMPUTED_VALUE"""),"Jos Buttler") -> Jos Buttler | I15: =IFERROR(__xludf.DUMMYFUNCTION("""COMPUTED_VALUE"""),"PA") -> PA | J15: =IFERROR(__xludf.DUMMYFUNCTION("""COMPUTED_VALUE"""),"GT") -> GT | K15: =IFERROR(__xludf.DUMMYFUNCTION("""COMPUTED_VALUE"""),1037) -> 1037 | M15: 4 | N15: =IFERROR(__xludf.DUMMYFUNCTION("""COMPUTED_VALUE"""),"Rashid Khan") -> Rashid Khan | O15: =IFERROR(__xludf.DUMMYFUNCTION("""COMPUTED_VALUE"""),"OL") -> OL | P15: =IFERROR(__xludf.DUMMYFUNCTION("""COMPUTED_VALUE"""),"GT") -> GT | Q15: =IFERROR(__xludf.DUMMYFUNCTION("""COMPUTED_VALUE"""),874) -> 874 | S15: 4 | T15: =IFERROR(__xludf.DUMMYFUNCTION("""COMPUTED_VALUE"""),"Krunal Pandya") -> Krunal Pandya | U15: =IFERROR(__xludf.DUMMYFUNCTION("""COMPUTED_VALUE"""),"OL") -> OL | V15: =IFERROR(__xludf.DUMMYFUNCTION("""COMPUTED_VALUE"""),"RCB") -> RCB | W15: =IFERROR(__xludf.DUMMYFUNCTION("""COMPUTED_VALUE"""),836) -> 836
A16: 5 | B16: =IFERROR(__xludf.DUMMYFUNCTION("""COMPUTED_VALUE"""),"Virat Kohli") -> Virat Kohli | C16: =IFERROR(__xludf.DUMMYFUNCTION("""COMPUTED_VALUE"""),"PA") -> PA | D16: =IFERROR(__xludf.DUMMYFUNCTION("""COMPUTED_VALUE"""),"RCB") -> RCB | E16: =IFERROR(__xludf.DUMMYFUNCTION("""COMPUTED_VALUE"""),1060) -> 1060 | G16: 5 | H16: =IFERROR(__xludf.DUMMYFUNCTION("""COMPUTED_VALUE"""),"Heinrich Klaasen") -> Heinrich Klaasen | I16: =IFERROR(__xludf.DUMMYFUNCTION("""COMPUTED_VALUE"""),"PA") -> PA | J16: =IFERROR(__xludf.DUMMYFUNCTION("""COMPUTED_VALUE"""),"SRH") -> SRH | K16: =IFERROR(__xludf.DUMMYFUNCTION("""COMPUTED_VALUE"""),1016) -> 1016 | M16: 5 | N16: =IFERROR(__xludf.DUMMYFUNCTION("""COMPUTED_VALUE"""),"Mohammad Siraj") -> Mohammad Siraj | O16: =IFERROR(__xludf.DUMMYFUNCTION("""COMPUTED_VALUE"""),"HW") -> HW | P16: =IFERROR(__xludf.DUMMYFUNCTION("""COMPUTED_VALUE"""),"GT") -> GT | Q16: =IFERROR(__xludf.DUMMYFUNCTION("""COMPUTED_VALUE"""),775) -> 775 | S16: 5 | T16: =IFERROR(__xludf.DUMMYFUNCTION("""COMPUTED_VALUE"""),"Axar Patel") -> Axar Patel | U16: =IFERROR(__xludf.DUMMYFUNCTION("""COMPUTED_VALUE"""),"OL") -> OL | V16: =IFERROR(__xludf.DUMMYFUNCTION("""COMPUTED_VALUE"""),"DC") -> DC | W16: =IFERROR(__xludf.DUMMYFUNCTION("""COMPUTED_VALUE"""),724) -> 724
A17: 6 | B17: =IFERROR(__xludf.DUMMYFUNCTION("""COMPUTED_VALUE"""),"Bhuvneshwar Kumar") -> Bhuvneshwar Kumar | C17: =IFERROR(__xludf.DUMMYFUNCTION("""COMPUTED_VALUE"""),"MC") -> MC | D17: =IFERROR(__xludf.DUMMYFUNCTION("""COMPUTED_VALUE"""),"RCB") -> RCB | E17: =IFERROR(__xludf.DUMMYFUNCTION("""COMPUTED_VALUE"""),1051) -> 1051 | G17: 6 | H17: =IFERROR(__xludf.DUMMYFUNCTION("""COMPUTED_VALUE"""),"Ishan Kishan") -> Ishan Kishan | I17: =IFERROR(__xludf.DUMMYFUNCTION("""COMPUTED_VALUE"""),"AS") -> AS | J17: =IFERROR(__xludf.DUMMYFUNCTION("""COMPUTED_VALUE"""),"SRH") -> SRH | K17: =IFERROR(__xludf.DUMMYFUNCTION("""COMPUTED_VALUE"""),996) -> 996 | M17: 6 | N17: =IFERROR(__xludf.DUMMYFUNCTION("""COMPUTED_VALUE"""),"Josh Hazlewood") -> Josh Hazlewood | O17: =IFERROR(__xludf.DUMMYFUNCTION("""COMPUTED_VALUE"""),"MC") -> MC | P17: =IFERROR(__xludf.DUMMYFUNCTION("""COMPUTED_VALUE"""),"RCB") -> RCB | Q17: =IFERROR(__xludf.DUMMYFUNCTION("""COMPUTED_VALUE"""),643) -> 643 | S17: 6 | T17: =IFERROR(__xludf.DUMMYFUNCTION("""COMPUTED_VALUE"""),"Ravindra Jadeja") -> Ravindra Jadeja | U17: =IFERROR(__xludf.DUMMYFUNCTION("""COMPUTED_VALUE"""),"HW") -> HW | V17: =IFERROR(__xludf.DUMMYFUNCTION("""COMPUTED_VALUE"""),"RR") -> RR | W17: =IFERROR(__xludf.DUMMYFUNCTION("""COMPUTED_VALUE"""),715) -> 715
A18: 7 | B18: =IFERROR(__xludf.DUMMYFUNCTION("""COMPUTED_VALUE"""),"Khaleel + Rabada") -> Khaleel + Rabada | C18: =IFERROR(__xludf.DUMMYFUNCTION("""COMPUTED_VALUE"""),"HW") -> HW | D18: =IFERROR(__xludf.DUMMYFUNCTION("""COMPUTED_VALUE"""),"CSK/GT") -> CSK/GT | E18: =IFERROR(__xludf.DUMMYFUNCTION("""COMPUTED_VALUE"""),1048) -> 1048 | G18: 7 | H18: =IFERROR(__xludf.DUMMYFUNCTION("""COMPUTED_VALUE"""),"KL Rahul") -> KL Rahul | I18: =IFERROR(__xludf.DUMMYFUNCTION("""COMPUTED_VALUE"""),"OL") -> OL | J18: =IFERROR(__xludf.DUMMYFUNCTION("""COMPUTED_VALUE"""),"DC") -> DC | K18: =IFERROR(__xludf.DUMMYFUNCTION("""COMPUTED_VALUE"""),903) -> 903 | M18: 7 | N18: =IFERROR(__xludf.DUMMYFUNCTION("""COMPUTED_VALUE"""),"Prasidh Krishna") -> Prasidh Krishna | O18: =IFERROR(__xludf.DUMMYFUNCTION("""COMPUTED_VALUE"""),"PA") -> PA | P18: =IFERROR(__xludf.DUMMYFUNCTION("""COMPUTED_VALUE"""),"GT") -> GT | Q18: =IFERROR(__xludf.DUMMYFUNCTION("""COMPUTED_VALUE"""),572) -> 572 | S18: 7 | T18: =IFERROR(__xludf.DUMMYFUNCTION("""COMPUTED_VALUE"""),"Sunil Narine") -> Sunil Narine | U18: =IFERROR(__xludf.DUMMYFUNCTION("""COMPUTED_VALUE"""),"MC") -> MC | V18: =IFERROR(__xludf.DUMMYFUNCTION("""COMPUTED_VALUE"""),"KKR") -> KKR | W18: =IFERROR(__xludf.DUMMYFUNCTION("""COMPUTED_VALUE"""),688) -> 688
A19: 8 | B19: =IFERROR(__xludf.DUMMYFUNCTION("""COMPUTED_VALUE"""),"Jos Buttler") -> Jos Buttler | C19: =IFERROR(__xludf.DUMMYFUNCTION("""COMPUTED_VALUE"""),"PA") -> PA | D19: =IFERROR(__xludf.DUMMYFUNCTION("""COMPUTED_VALUE"""),"GT") -> GT | E19: =IFERROR(__xludf.DUMMYFUNCTION("""COMPUTED_VALUE"""),1037) -> 1037 | G19: 8 | H19: =IFERROR(__xludf.DUMMYFUNCTION("""COMPUTED_VALUE"""),"Rajat Patidar") -> Rajat Patidar | I19: =IFERROR(__xludf.DUMMYFUNCTION("""COMPUTED_VALUE"""),"OL") -> OL | J19: =IFERROR(__xludf.DUMMYFUNCTION("""COMPUTED_VALUE"""),"RCB") -> RCB | K19: =IFERROR(__xludf.DUMMYFUNCTION("""COMPUTED_VALUE"""),845) -> 845 | M19: 8 | N19: =IFERROR(__xludf.DUMMYFUNCTION("""COMPUTED_VALUE"""),"Mohammed Shami") -> Mohammed Shami | O19: =IFERROR(__xludf.DUMMYFUNCTION("""COMPUTED_VALUE"""),"HW") -> HW | P19: =IFERROR(__xludf.DUMMYFUNCTION("""COMPUTED_VALUE"""),"LSG") -> LSG | Q19: =IFERROR(__xludf.DUMMYFUNCTION("""COMPUTED_VALUE"""),543) -> 543 | S19: 8 | T19: =IFERROR(__xludf.DUMMYFUNCTION("""COMPUTED_VALUE"""),"Priyansh Arya") -> Priyansh Arya | U19: =IFERROR(__xludf.DUMMYFUNCTION("""COMPUTED_VALUE"""),"MC") -> MC | V19: =IFERROR(__xludf.DUMMYFUNCTION("""COMPUTED_VALUE"""),"PBSK") -> PBSK | W19: =IFERROR(__xludf.DUMMYFUNCTION("""COMPUTED_VALUE"""),585) -> 585
A20: 9 | B20: =IFERROR(__xludf.DUMMYFUNCTION("""COMPUTED_VALUE"""),"Heinrich Klaasen") -> Heinrich Klaasen | C20: =IFERROR(__xludf.DUMMYFUNCTION("""COMPUTED_VALUE"""),"PA") -> PA | D20: =IFERROR(__xludf.DUMMYFUNCTION("""COMPUTED_VALUE"""),"SRH") -> SRH | E20: =IFERROR(__xludf.DUMMYFUNCTION("""COMPUTED_VALUE"""),1016) -> 1016 | G20: 9 | H20: =IFERROR(__xludf.DUMMYFUNCTION("""COMPUTED_VALUE"""),"Devdutt Padikkal") -> Devdutt Padikkal | I20: =IFERROR(__xludf.DUMMYFUNCTION("""COMPUTED_VALUE"""),"PA") -> PA | J20: =IFERROR(__xludf.DUMMYFUNCTION("""COMPUTED_VALUE"""),"RCB") -> RCB | K20: =IFERROR(__xludf.DUMMYFUNCTION("""COMPUTED_VALUE"""),835) -> 835 | M20: 9 | N20: =IFERROR(__xludf.DUMMYFUNCTION("""COMPUTED_VALUE"""),"Arshdeep Singh") -> Arshdeep Singh | O20: =IFERROR(__xludf.DUMMYFUNCTION("""COMPUTED_VALUE"""),"OL") -> OL | P20: =IFERROR(__xludf.DUMMYFUNCTION("""COMPUTED_VALUE"""),"PBSK") -> PBSK | Q20: =IFERROR(__xludf.DUMMYFUNCTION("""COMPUTED_VALUE"""),536) -> 536 | S20: 9 | T20: =IFERROR(__xludf.DUMMYFUNCTION("""COMPUTED_VALUE"""),"Riyan Parag") -> Riyan Parag | U20: =IFERROR(__xludf.DUMMYFUNCTION("""COMPUTED_VALUE"""),"PA") -> PA | V20: =IFERROR(__xludf.DUMMYFUNCTION("""COMPUTED_VALUE"""),"RR") -> RR | W20: =IFERROR(__xludf.DUMMYFUNCTION("""COMPUTED_VALUE"""),564) -> 564
A21: 10 | B21: =IFERROR(__xludf.DUMMYFUNCTION("""COMPUTED_VALUE"""),"Ishan Kishan") -> Ishan Kishan | C21: =IFERROR(__xludf.DUMMYFUNCTION("""COMPUTED_VALUE"""),"AS") -> AS | D21: =IFERROR(__xludf.DUMMYFUNCTION("""COMPUTED_VALUE"""),"SRH") -> SRH | E21: =IFERROR(__xludf.DUMMYFUNCTION("""COMPUTED_VALUE"""),996) -> 996 | G21: 10 | H21: =IFERROR(__xludf.DUMMYFUNCTION("""COMPUTED_VALUE"""),"Prabhsimran Singh") -> Prabhsimran Singh | I21: =IFERROR(__xludf.DUMMYFUNCTION("""COMPUTED_VALUE"""),"HW") -> HW | J21: =IFERROR(__xludf.DUMMYFUNCTION("""COMPUTED_VALUE"""),"PBSK") -> PBSK | K21: =IFERROR(__xludf.DUMMYFUNCTION("""COMPUTED_VALUE"""),831) -> 831 | M21: 10 | N21: =IFERROR(__xludf.DUMMYFUNCTION("""COMPUTED_VALUE"""),"Noor Ahmad") -> Noor Ahmad | O21: =IFERROR(__xludf.DUMMYFUNCTION("""COMPUTED_VALUE"""),"PA") -> PA | P21: =IFERROR(__xludf.DUMMYFUNCTION("""COMPUTED_VALUE"""),"CSK") -> CSK | Q21: =IFERROR(__xludf.DUMMYFUNCTION("""COMPUTED_VALUE"""),520) -> 520 | S21: 10 | T21: =IFERROR(__xludf.DUMMYFUNCTION("""COMPUTED_VALUE"""),"Shivam Dube") -> Shivam Dube | U21: =IFERROR(__xludf.DUMMYFUNCTION("""COMPUTED_VALUE"""),"AS") -> AS | V21: =IFERROR(__xludf.DUMMYFUNCTION("""COMPUTED_VALUE"""),"CSK") -> CSK | W21: =IFERROR(__xludf.DUMMYFUNCTION("""COMPUTED_VALUE"""),471) -> 471
A22: 11 | B22: =IFERROR(__xludf.DUMMYFUNCTION("""COMPUTED_VALUE"""),"Abhishek Sharma") -> Abhishek Sharma | C22: =IFERROR(__xludf.DUMMYFUNCTION("""COMPUTED_VALUE"""),"AS") -> AS | D22: =IFERROR(__xludf.DUMMYFUNCTION("""COMPUTED_VALUE"""),"SRH") -> SRH | E22: =IFERROR(__xludf.DUMMYFUNCTION("""COMPUTED_VALUE"""),955) -> 955
A23: 12 | B23: =IFERROR(__xludf.DUMMYFUNCTION("""COMPUTED_VALUE"""),"KL Rahul") -> KL Rahul | C23: =IFERROR(__xludf.DUMMYFUNCTION("""COMPUTED_VALUE"""),"OL") -> OL | D23: =IFERROR(__xludf.DUMMYFUNCTION("""COMPUTED_VALUE"""),"DC") -> DC | E23: =IFERROR(__xludf.DUMMYFUNCTION("""COMPUTED_VALUE"""),903) -> 903
A29: ---- Team Wise: TOP 1 PERFORMER ---- | G29: ---- Team Wise: TOP 1 BATTER---- | M29: ---- Team Wise: TOP 1 BOWLER---- | S29: ---- Team Wise: TOP 1 ALL-ROUNDER ----
A30: Team | B30: =IFERROR(__xludf.DUMMYFUNCTION("QUERY(HW!B:I, ""SELECT B, C, I, H where B is not null ORDER BY H DESC LIMIT 1"", 1)"),"Name") -> Name | C30: =IFERROR(__xludf.DUMMYFUNCTION("""COMPUTED_VALUE"""),"Type") -> Type | D30: =IFERROR(__xludf.DUMMYFUNCTION("""COMPUTED_VALUE"""),"IPL") -> IPL | E30: =IFERROR(__xludf.DUMMYFUNCTION("""COMPUTED_VALUE"""),"Points") -> Points | G30: Team | H30: =IFERROR(__xludf.DUMMYFUNCTION("QUERY(HW!B:I, ""SELECT B, C, I, H where B is not null AND C = 'Batter' ORDER BY H DESC LIMIT 1"", 1)"),"Name") -> Name | I30: =IFERROR(__xludf.DUMMYFUNCTION("""COMPUTED_VALUE"""),"Type") -> Type | J30: =IFERROR(__xludf.DUMMYFUNCTION("""COMPUTED_VALUE"""),"IPL") -> IPL | K30: =IFERROR(__xludf.DUMMYFUNCTION("""COMPUTED_VALUE"""),"Points") -> Points | M30: Team | N30: =IFERROR(__xludf.DUMMYFUNCTION("QUERY(HW!B:I, ""SELECT B, C, I, H where B is not null AND C = 'Bowler' ORDER BY H DESC LIMIT 1"", 1)"),"Name") -> Name | O30: =IFERROR(__xludf.DUMMYFUNCTION("""COMPUTED_VALUE"""),"Type") -> Type | P30: =IFERROR(__xludf.DUMMYFUNCTION("""COMPUTED_VALUE"""),"IPL") -> IPL | Q30: =IFERROR(__xludf.DUMMYFUNCTION("""COMPUTED_VALUE"""),"Points") -> Points | S30: Team | T30: =IFERROR(__xludf.DUMMYFUNCTION("QUERY(HW!B:I, ""SELECT B, C, I, H where B is not null AND C = 'All-Rounder' ORDER BY H DESC LIMIT 1"", 1)"),"Name") -> Name | U30: =IFERROR(__xludf.DUMMYFUNCTION("""COMPUTED_VALUE"""),"Type") -> Type | V30: =IFERROR(__xludf.DUMMYFUNCTION("""COMPUTED_VALUE"""),"IPL") -> IPL | W30: =IFERROR(__xludf.DUMMYFUNCTION("""COMPUTED_VALUE"""),"Points") -> Points
A31: HW | B31: =IFERROR(__xludf.DUMMYFUNCTION("""COMPUTED_VALUE"""),"Shubman Gill") -> Shubman Gill | C31: =IFERROR(__xludf.DUMMYFUNCTION("""COMPUTED_VALUE"""),"Batter") -> Batter | D31: =IFERROR(__xludf.DUMMYFUNCTION("""COMPUTED_VALUE"""),"GT") -> GT | E31: =IFERROR(__xludf.DUMMYFUNCTION("""COMPUTED_VALUE"""),1178) -> 1178 | G31: HW | H31: =IFERROR(__xludf.DUMMYFUNCTION("""COMPUTED_VALUE"""),"Shubman Gill") -> Shubman Gill | I31: =IFERROR(__xludf.DUMMYFUNCTION("""COMPUTED_VALUE"""),"Batter") -> Batter | J31: =IFERROR(__xludf.DUMMYFUNCTION("""COMPUTED_VALUE"""),"GT") -> GT | K31: =IFERROR(__xludf.DUMMYFUNCTION("""COMPUTED_VALUE"""),1178) -> 1178 | M31: HW | N31: =IFERROR(__xludf.DUMMYFUNCTION("""COMPUTED_VALUE"""),"Jofra Archer") -> Jofra Archer | O31: =IFERROR(__xludf.DUMMYFUNCTION("""COMPUTED_VALUE"""),"Bowler") -> Bowler | P31: =IFERROR(__xludf.DUMMYFUNCTION("""COMPUTED_VALUE"""),"RR") -> RR | Q31: =IFERROR(__xludf.DUMMYFUNCTION("""COMPUTED_VALUE"""),1083) -> 1083 | S31: HW | T31: =IFERROR(__xludf.DUMMYFUNCTION("""COMPUTED_VALUE"""),"Mitchell Marsh") -> Mitchell Marsh | U31: =IFERROR(__xludf.DUMMYFUNCTION("""COMPUTED_VALUE"""),"All-Rounder") -> All-Rounder | V31: =IFERROR(__xludf.DUMMYFUNCTION("""COMPUTED_VALUE"""),"LSG") -> LSG | W31: =IFERROR(__xludf.DUMMYFUNCTION("""COMPUTED_VALUE"""),854) -> 854
A32: PP | B32: =IFERROR(__xludf.DUMMYFUNCTION("ARRAYFORMULA(QUERY(PA!B:I, ""SELECT B, C, I, H where B is not null ORDER BY H DESC LIMIT 1"", 1)) "),"Name") -> Name | C32: =IFERROR(__xludf.DUMMYFUNCTION("""COMPUTED_VALUE"""),"Type") -> Type | D32: =IFERROR(__xludf.DUMMYFUNCTION("""COMPUTED_VALUE"""),"IPL") -> IPL | E32: =IFERROR(__xludf.DUMMYFUNCTION("""COMPUTED_VALUE"""),"Points") -> Points | G32: PP | H32: =IFERROR(__xludf.DUMMYFUNCTION("ARRAYFORMULA(QUERY(PA!B:I, ""SELECT B, C, I, H where B is not null AND C = 'Batter' ORDER BY H DESC LIMIT 1"", 1)) "),"Name") -> Name | I32: =IFERROR(__xludf.DUMMYFUNCTION("""COMPUTED_VALUE"""),"Type") -> Type | J32: =IFERROR(__xludf.DUMMYFUNCTION("""COMPUTED_VALUE"""),"IPL") -> IPL | K32: =IFERROR(__xludf.DUMMYFUNCTION("""COMPUTED_VALUE"""),"Points") -> Points | M32: PP | N32: =IFERROR(__xludf.DUMMYFUNCTION("ARRAYFORMULA(QUERY(PA!B:I, ""SELECT B, C, I, H where B is not null AND C = 'Bowler' ORDER BY H DESC LIMIT 1"", 1)) "),"Name") -> Name | O32: =IFERROR(__xludf.DUMMYFUNCTION("""COMPUTED_VALUE"""),"Type") -> Type | P32: =IFERROR(__xludf.DUMMYFUNCTION("""COMPUTED_VALUE"""),"IPL") -> IPL | Q32: =IFERROR(__xludf.DUMMYFUNCTION("""COMPUTED_VALUE"""),"Points") -> Points | S32: PP | T32: =IFERROR(__xludf.DUMMYFUNCTION("ARRAYFORMULA(QUERY(PA!B:I, ""SELECT B, C, I, H where B is not null AND C = 'All-Rounder' ORDER BY H DESC LIMIT 1"", 1))"),"Name") -> Name | U32: =IFERROR(__xludf.DUMMYFUNCTION("""COMPUTED_VALUE"""),"Type") -> Type | V32: =IFERROR(__xludf.DUMMYFUNCTION("""COMPUTED_VALUE"""),"IPL") -> IPL | W32: =IFERROR(__xludf.DUMMYFUNCTION("""COMPUTED_VALUE"""),"Points") -> Points
A33: PA | B33: =IFERROR(__xludf.DUMMYFUNCTION("""COMPUTED_VALUE"""),"Virat Kohli") -> Virat Kohli | C33: =IFERROR(__xludf.DUMMYFUNCTION("""COMPUTED_VALUE"""),"Batter") -> Batter | D33: =IFERROR(__xludf.DUMMYFUNCTION("""COMPUTED_VALUE"""),"RCB") -> RCB | E33: =IFERROR(__xludf.DUMMYFUNCTION("""COMPUTED_VALUE"""),1060) -> 1060 | G33: PA | H33: =IFERROR(__xludf.DUMMYFUNCTION("""COMPUTED_VALUE"""),"Virat Kohli") -> Virat Kohli | I33: =IFERROR(__xludf.DUMMYFUNCTION("""COMPUTED_VALUE"""),"Batter") -> Batter | J33: =IFERROR(__xludf.DUMMYFUNCTION("""COMPUTED_VALUE"""),"RCB") -> RCB | K33: =IFERROR(__xludf.DUMMYFUNCTION("""COMPUTED_VALUE"""),1060) -> 1060 | M33: PA | N33: =IFERROR(__xludf.DUMMYFUNCTION("""COMPUTED_VALUE"""),"Prasidh Krishna") -> Prasidh Krishna | O33: =IFERROR(__xludf.DUMMYFUNCTION("""COMPUTED_VALUE"""),"Bowler") -> Bowler | P33: =IFERROR(__xludf.DUMMYFUNCTION("""COMPUTED_VALUE"""),"GT") -> GT | Q33: =IFERROR(__xludf.DUMMYFUNCTION("""COMPUTED_VALUE"""),572) -> 572 | S33: PA | T33: =IFERROR(__xludf.DUMMYFUNCTION("""COMPUTED_VALUE"""),"Riyan Parag") -> Riyan Parag | U33: =IFERROR(__xludf.DUMMYFUNCTION("""COMPUTED_VALUE"""),"All-Rounder") -> All-Rounder | V33: =IFERROR(__xludf.DUMMYFUNCTION("""COMPUTED_VALUE"""),"RR") -> RR | W33: =IFERROR(__xludf.DUMMYFUNCTION("""COMPUTED_VALUE"""),564) -> 564
A34: MC | B34: =IFERROR(__xludf.DUMMYFUNCTION("QUERY(MC!B:I, ""SELECT B, C, I, H where B is not null ORDER BY H DESC LIMIT 1"", 1)"),"Name") -> Name | C34: =IFERROR(__xludf.DUMMYFUNCTION("""COMPUTED_VALUE"""),"Type") -> Type | D34: =IFERROR(__xludf.DUMMYFUNCTION("""COMPUTED_VALUE"""),"IPL") -> IPL | E34: =IFERROR(__xludf.DUMMYFUNCTION("""COMPUTED_VALUE"""),"Points") -> Points | G34: MC | H34: =IFERROR(__xludf.DUMMYFUNCTION("QUERY(MC!B:I, ""SELECT B, C, I, H where B is not null AND C = 'Batter' ORDER BY H DESC LIMIT 1"", 1)"),"Name") -> Name | I34: =IFERROR(__xludf.DUMMYFUNCTION("""COMPUTED_VALUE"""),"Type") -> Type | J34: =IFERROR(__xludf.DUMMYFUNCTION("""COMPUTED_VALUE"""),"IPL") -> IPL | K34: =IFERROR(__xludf.DUMMYFUNCTION("""COMPUTED_VALUE"""),"Points") -> Points | M34: MC | N34: =IFERROR(__xludf.DUMMYFUNCTION("QUERY(MC!B:I, ""SELECT B, C, I, H where B is not null AND C = 'Bowler' ORDER BY H DESC LIMIT 1"", 1)"),"Name") -> Name | O34: =IFERROR(__xludf.DUMMYFUNCTION("""COMPUTED_VALUE"""),"Type") -> Type | P34: =IFERROR(__xludf.DUMMYFUNCTION("""COMPUTED_VALUE"""),"IPL") -> IPL | Q34: =IFERROR(__xludf.DUMMYFUNCTION("""COMPUTED_VALUE"""),"Points") -> Points | S34: MC | T34: =IFERROR(__xludf.DUMMYFUNCTION("QUERY(MC!B:I, ""SELECT B, C, I, H where B is not null AND C = 'All-Rounder' ORDER BY H DESC LIMIT 1"", 1)"),"Name") -> Name | U34: =IFERROR(__xludf.DUMMYFUNCTION("""COMPUTED_VALUE"""),"Type") -> Type | V34: =IFERROR(__xludf.DUMMYFUNCTION("""COMPUTED_VALUE"""),"IPL") -> IPL | W34: =IFERROR(__xludf.DUMMYFUNCTION("""COMPUTED_VALUE"""),"Points") -> Points
A35: MC | B35: =IFERROR(__xludf.DUMMYFUNCTION("""COMPUTED_VALUE"""),"Bhuvneshwar Kumar") -> Bhuvneshwar Kumar | C35: =IFERROR(__xludf.DUMMYFUNCTION("""COMPUTED_VALUE"""),"Bowler") -> Bowler | D35: =IFERROR(__xludf.DUMMYFUNCTION("""COMPUTED_VALUE"""),"RCB") -> RCB | E35: =IFERROR(__xludf.DUMMYFUNCTION("""COMPUTED_VALUE"""),1051) -> 1051 | G35: MC | H35: =IFERROR(__xludf.DUMMYFUNCTION("""COMPUTED_VALUE"""),"Ajinkya Rahane") -> Ajinkya Rahane | I35: =IFERROR(__xludf.DUMMYFUNCTION("""COMPUTED_VALUE"""),"Batter") -> Batter | J35: =IFERROR(__xludf.DUMMYFUNCTION("""COMPUTED_VALUE"""),"KKR") -> KKR | K35: =IFERROR(__xludf.DUMMYFUNCTION("""COMPUTED_VALUE"""),550) -> 550 | M35: MC | N35: =IFERROR(__xludf.DUMMYFUNCTION("""COMPUTED_VALUE"""),"Bhuvneshwar Kumar") -> Bhuvneshwar Kumar | O35: =IFERROR(__xludf.DUMMYFUNCTION("""COMPUTED_VALUE"""),"Bowler") -> Bowler | P35: =IFERROR(__xludf.DUMMYFUNCTION("""COMPUTED_VALUE"""),"RCB") -> RCB | Q35: =IFERROR(__xludf.DUMMYFUNCTION("""COMPUTED_VALUE"""),1051) -> 1051 | S35: MC | T35: =IFERROR(__xludf.DUMMYFUNCTION("""COMPUTED_VALUE"""),"Sunil Narine") -> Sunil Narine | U35: =IFERROR(__xludf.DUMMYFUNCTION("""COMPUTED_VALUE"""),"All-Rounder") -> All-Rounder | V35: =IFERROR(__xludf.DUMMYFUNCTION("""COMPUTED_VALUE"""),"KKR") -> KKR | W35: =IFERROR(__xludf.DUMMYFUNCTION("""COMPUTED_VALUE"""),688) -> 688
A36: AKL | B36: =IFERROR(__xludf.DUMMYFUNCTION("QUERY(AS!B:I, ""SELECT B, C, I, H where B is not null ORDER BY H DESC LIMIT 1"", 1)"),"Name") -> Name | C36: =IFERROR(__xludf.DUMMYFUNCTION("""COMPUTED_VALUE"""),"Type") -> Type | D36: =IFERROR(__xludf.DUMMYFUNCTION("""COMPUTED_VALUE"""),"IPL") -> IPL | E36: =IFERROR(__xludf.DUMMYFUNCTION("""COMPUTED_VALUE"""),"Points") -> Points | G36: AKL | H36: =IFERROR(__xludf.DUMMYFUNCTION("QUERY(AS!B:I, ""SELECT B, C, I, H where B is not null AND C = 'Batter' ORDER BY H DESC LIMIT 1"", 1)"),"Name") -> Name | I36: =IFERROR(__xludf.DUMMYFUNCTION("""COMPUTED_VALUE"""),"Type") -> Type | J36: =IFERROR(__xludf.DUMMYFUNCTION("""COMPUTED_VALUE"""),"IPL") -> IPL | K36: =IFERROR(__xludf.DUMMYFUNCTION("""COMPUTED_VALUE"""),"Points") -> Points | M36: AKL | N36: =IFERROR(__xludf.DUMMYFUNCTION("QUERY(AS!B:I, ""SELECT B, C, I, H where B is not null AND C = 'Bowler' ORDER BY H DESC LIMIT 1"", 1)"),"Name") -> Name | O36: =IFERROR(__xludf.DUMMYFUNCTION("""COMPUTED_VALUE"""),"Type") -> Type | P36: =IFERROR(__xludf.DUMMYFUNCTION("""COMPUTED_VALUE"""),"IPL") -> IPL | Q36: =IFERROR(__xludf.DUMMYFUNCTION("""COMPUTED_VALUE"""),"Points") -> Points | S36: AKL | T36: =IFERROR(__xludf.DUMMYFUNCTION("QUERY(AS!B:I, ""SELECT B, C, I, H where B is not null AND C = 'All-Rounder' ORDER BY H DESC LIMIT 1"", 1)"),"Name") -> Name | U36: =IFERROR(__xludf.DUMMYFUNCTION("""COMPUTED_VALUE"""),"Type") -> Type | V36: =IFERROR(__xludf.DUMMYFUNCTION("""COMPUTED_VALUE"""),"IPL") -> IPL | W36: =IFERROR(__xludf.DUMMYFUNCTION("""COMPUTED_VALUE"""),"Points") -> Points
A37: AS | B37: =IFERROR(__xludf.DUMMYFUNCTION("""COMPUTED_VALUE"""),"Vaibhav Suryavanshi") -> Vaibhav Suryavanshi | C37: =IFERROR(__xludf.DUMMYFUNCTION("""COMPUTED_VALUE"""),"All-Rounder") -> All-Rounder | D37: =IFERROR(__xludf.DUMMYFUNCTION("""COMPUTED_VALUE"""),"RR") -> RR | E37: =IFERROR(__xludf.DUMMYFUNCTION("""COMPUTED_VALUE"""),1211) -> 1211 | G37: AS | H37: =IFERROR(__xludf.DUMMYFUNCTION("""COMPUTED_VALUE"""),"Sai Sudharsan") -> Sai Sudharsan | I37: =IFERROR(__xludf.DUMMYFUNCTION("""COMPUTED_VALUE"""),"Batter") -> Batter | J37: =IFERROR(__xludf.DUMMYFUNCTION("""COMPUTED_VALUE"""),"GT") -> GT | K37: =IFERROR(__xludf.DUMMYFUNCTION("""COMPUTED_VALUE"""),1089) -> 1089 | M37: AS | N37: =IFERROR(__xludf.DUMMYFUNCTION("""COMPUTED_VALUE"""),"Rasikh Dar") -> Rasikh Dar | O37: =IFERROR(__xludf.DUMMYFUNCTION("""COMPUTED_VALUE"""),"Bowler") -> Bowler | P37: =IFERROR(__xludf.DUMMYFUNCTION("""COMPUTED_VALUE"""),"RCB") -> RCB | Q37: =IFERROR(__xludf.DUMMYFUNCTION("""COMPUTED_VALUE"""),604) -> 604 | S37: AS | T37: =IFERROR(__xludf.DUMMYFUNCTION("""COMPUTED_VALUE"""),"Vaibhav Suryavanshi") -> Vaibhav Suryavanshi | U37: =IFERROR(__xludf.DUMMYFUNCTION("""COMPUTED_VALUE"""),"All-Rounder") -> All-Rounder | V37: =IFERROR(__xludf.DUMMYFUNCTION("""COMPUTED_VALUE"""),"RR") -> RR | W37: =IFERROR(__xludf.DUMMYFUNCTION("""COMPUTED_VALUE"""),1211) -> 1211
A38: OL | B38: =IFERROR(__xludf.DUMMYFUNCTION("QUERY(OL!B:I, ""SELECT B, C, I, H where B is not null ORDER BY H DESC LIMIT 1"", 1)"),"Name") -> Name | C38: =IFERROR(__xludf.DUMMYFUNCTION("""COMPUTED_VALUE"""),"Type") -> Type | D38: =IFERROR(__xludf.DUMMYFUNCTION("""COMPUTED_VALUE"""),"IPL") -> IPL | E38: =IFERROR(__xludf.DUMMYFUNCTION("""COMPUTED_VALUE"""),"Points") -> Points | G38: OL | H38: =IFERROR(__xludf.DUMMYFUNCTION("QUERY(OL!B:I, ""SELECT B, C, I, H where B is not null AND C = 'Batter' ORDER BY H DESC LIMIT 1"", 1)"),"Name") -> Name | I38: =IFERROR(__xludf.DUMMYFUNCTION("""COMPUTED_VALUE"""),"Type") -> Type | J38: =IFERROR(__xludf.DUMMYFUNCTION("""COMPUTED_VALUE"""),"IPL") -> IPL | K38: =IFERROR(__xludf.DUMMYFUNCTION("""COMPUTED_VALUE"""),"Points") -> Points | M38: OL | N38: =IFERROR(__xludf.DUMMYFUNCTION("QUERY(OL!B:I, ""SELECT B, C, I, H where B is not null AND C = 'Bowler' ORDER BY H DESC LIMIT 1"", 1)"),"Name") -> Name | O38: =IFERROR(__xludf.DUMMYFUNCTION("""COMPUTED_VALUE"""),"Type") -> Type | P38: =IFERROR(__xludf.DUMMYFUNCTION("""COMPUTED_VALUE"""),"IPL") -> IPL | Q38: =IFERROR(__xludf.DUMMYFUNCTION("""COMPUTED_VALUE"""),"Points") -> Points | S38: OL | T38: =IFERROR(__xludf.DUMMYFUNCTION("QUERY(OL!B:I, ""SELECT B, C, I, H where B is not null AND C = 'All-Rounder' ORDER BY H DESC LIMIT 1"", 1)"),"Name") -> Name | U38: =IFERROR(__xludf.DUMMYFUNCTION("""COMPUTED_VALUE"""),"Type") -> Type | V38: =IFERROR(__xludf.DUMMYFUNCTION("""COMPUTED_VALUE"""),"IPL") -> IPL | W38: =IFERROR(__xludf.DUMMYFUNCTION("""COMPUTED_VALUE"""),"Points") -> Points
A39: OL | B39: =IFERROR(__xludf.DUMMYFUNCTION("""COMPUTED_VALUE"""),"KL Rahul") -> KL Rahul | C39: =IFERROR(__xludf.DUMMYFUNCTION("""COMPUTED_VALUE"""),"Batter") -> Batter | D39: =IFERROR(__xludf.DUMMYFUNCTION("""COMPUTED_VALUE"""),"DC") -> DC | E39: =IFERROR(__xludf.DUMMYFUNCTION("""COMPUTED_VALUE"""),903) -> 903 | G39: OL | H39: =IFERROR(__xludf.DUMMYFUNCTION("""COMPUTED_VALUE"""),"KL Rahul") -> KL Rahul | I39: =IFERROR(__xludf.DUMMYFUNCTION("""COMPUTED_VALUE"""),"Batter") -> Batter | J39: =IFERROR(__xludf.DUMMYFUNCTION("""COMPUTED_VALUE"""),"DC") -> DC | K39: =IFERROR(__xludf.DUMMYFUNCTION("""COMPUTED_VALUE"""),903) -> 903 | M39: OL | N39: =IFERROR(__xludf.DUMMYFUNCTION("""COMPUTED_VALUE"""),"Rashid Khan") -> Rashid Khan | O39: =IFERROR(__xludf.DUMMYFUNCTION("""COMPUTED_VALUE"""),"Bowler") -> Bowler | P39: =IFERROR(__xludf.DUMMYFUNCTION("""COMPUTED_VALUE"""),"GT") -> GT | Q39: =IFERROR(__xludf.DUMMYFUNCTION("""COMPUTED_VALUE"""),874) -> 874 | S39: OL | T39: =IFERROR(__xludf.DUMMYFUNCTION("""COMPUTED_VALUE"""),"Krunal Pandya") -> Krunal Pandya | U39: =IFERROR(__xludf.DUMMYFUNCTION("""COMPUTED_VALUE"""),"All-Rounder") -> All-Rounder | V39: =IFERROR(__xludf.DUMMYFUNCTION("""COMPUTED_VALUE"""),"RCB") -> RCB | W39: =IFERROR(__xludf.DUMMYFUNCTION("""COMPUTED_VALUE"""),836) -> 836
A41: ---- TOP VALUE FOR MONEY ---- | G41: ---- TOP BATTER: VFM ---- | M41: ---- TOP BOWLER: VFM ---- | S41: ---- TOP ALL-ROUNDER: VFM ----
A42: Sr.No. | B42: =IFERROR(__xludf.DUMMYFUNCTION("QUERY(Performance!A:N, ""SELECT A, B, C, D ORDER BY N DESC LIMIT 12"", 1)"),"Name") -> Name | C42: =IFERROR(__xludf.DUMMYFUNCTION("""COMPUTED_VALUE"""),"Team") -> Team | D42: =IFERROR(__xludf.DUMMYFUNCTION("""COMPUTED_VALUE"""),"IPL") -> IPL | E42: =IFERROR(__xludf.DUMMYFUNCTION("""COMPUTED_VALUE"""),"Points") -> Points | G42: Sr.No. | H42: =IFERROR(__xludf.DUMMYFUNCTION("QUERY(Performance!A:N, ""SELECT A, B, C, D WHERE L = 'Batter' ORDER BY N DESC LIMIT 12"", 1) "),"Name") -> Name | I42: =IFERROR(__xludf.DUMMYFUNCTION("""COMPUTED_VALUE"""),"Team") -> Team | J42: =IFERROR(__xludf.DUMMYFUNCTION("""COMPUTED_VALUE"""),"IPL") -> IPL | K42: =IFERROR(__xludf.DUMMYFUNCTION("""COMPUTED_VALUE"""),"Points") -> Points | M42: Sr.No. | N42: =IFERROR(__xludf.DUMMYFUNCTION("QUERY(Performance!A:N, ""SELECT A, B, C, D WHERE L = 'Bowler' ORDER BY N DESC LIMIT 12"", 1) "),"Name") -> Name | O42: =IFERROR(__xludf.DUMMYFUNCTION("""COMPUTED_VALUE"""),"Team") -> Team | P42: =IFERROR(__xludf.DUMMYFUNCTION("""COMPUTED_VALUE"""),"IPL") -> IPL | Q42: =IFERROR(__xludf.DUMMYFUNCTION("""COMPUTED_VALUE"""),"Points") -> Points | S42: Sr.No. | T42: =IFERROR(__xludf.DUMMYFUNCTION("QUERY(Performance!A:N, ""SELECT A, B, C, D WHERE L = 'All-Rounder' ORDER BY N DESC LIMIT 12"", 1) "),"Name") -> Name | U42: =IFERROR(__xludf.DUMMYFUNCTION("""COMPUTED_VALUE"""),"Team") -> Team | V42: =IFERROR(__xludf.DUMMYFUNCTION("""COMPUTED_VALUE"""),"IPL") -> IPL | W42: =IFERROR(__xludf.DUMMYFUNCTION("""COMPUTED_VALUE"""),"Points") -> Points
A43: 1 | B43: =IFERROR(__xludf.DUMMYFUNCTION("""COMPUTED_VALUE"""),"Mohsin Khan") -> Mohsin Khan | C43: =IFERROR(__xludf.DUMMYFUNCTION("""COMPUTED_VALUE"""),"AS") -> AS | D43: =IFERROR(__xludf.DUMMYFUNCTION("""COMPUTED_VALUE"""),"LSG") -> LSG | E43: =IFERROR(__xludf.DUMMYFUNCTION("""COMPUTED_VALUE"""),444) -> 444 | G43: 1 | H43: =IFERROR(__xludf.DUMMYFUNCTION("""COMPUTED_VALUE"""),"Glenn Phillips") -> Glenn Phillips | I43: =IFERROR(__xludf.DUMMYFUNCTION("""COMPUTED_VALUE"""),"MC") -> MC | J43: =IFERROR(__xludf.DUMMYFUNCTION("""COMPUTED_VALUE"""),"GT") -> GT | K43: =IFERROR(__xludf.DUMMYFUNCTION("""COMPUTED_VALUE"""),165) -> 165 | M43: 1 | N43: =IFERROR(__xludf.DUMMYFUNCTION("""COMPUTED_VALUE"""),"Mohsin Khan") -> Mohsin Khan | O43: =IFERROR(__xludf.DUMMYFUNCTION("""COMPUTED_VALUE"""),"AS") -> AS | P43: =IFERROR(__xludf.DUMMYFUNCTION("""COMPUTED_VALUE"""),"LSG") -> LSG | Q43: =IFERROR(__xludf.DUMMYFUNCTION("""COMPUTED_VALUE"""),444) -> 444 | S43: 1 | T43: =IFERROR(__xludf.DUMMYFUNCTION("""COMPUTED_VALUE"""),"Krunal Pandya") -> Krunal Pandya | U43: =IFERROR(__xludf.DUMMYFUNCTION("""COMPUTED_VALUE"""),"OL") -> OL | V43: =IFERROR(__xludf.DUMMYFUNCTION("""COMPUTED_VALUE"""),"RCB") -> RCB | W43: =IFERROR(__xludf.DUMMYFUNCTION("""COMPUTED_VALUE"""),836) -> 836
A44: 2 | B44: =IFERROR(__xludf.DUMMYFUNCTION("""COMPUTED_VALUE"""),"Digvesh Singh") -> Digvesh Singh | C44: =IFERROR(__xludf.DUMMYFUNCTION("""COMPUTED_VALUE"""),"OL") -> OL | D44: =IFERROR(__xludf.DUMMYFUNCTION("""COMPUTED_VALUE"""),"LSG") -> LSG | E44: =IFERROR(__xludf.DUMMYFUNCTION("""COMPUTED_VALUE"""),245) -> 245 | G44: 2 | H44: =IFERROR(__xludf.DUMMYFUNCTION("""COMPUTED_VALUE"""),"Devdutt Padikkal") -> Devdutt Padikkal | I44: =IFERROR(__xludf.DUMMYFUNCTION("""COMPUTED_VALUE"""),"PA") -> PA | J44: =IFERROR(__xludf.DUMMYFUNCTION("""COMPUTED_VALUE"""),"RCB") -> RCB | K44: =IFERROR(__xludf.DUMMYFUNCTION("""COMPUTED_VALUE"""),835) -> 835 | M44: 2 | N44: =IFERROR(__xludf.DUMMYFUNCTION("""COMPUTED_VALUE"""),"Digvesh Singh") -> Digvesh Singh | O44: =IFERROR(__xludf.DUMMYFUNCTION("""COMPUTED_VALUE"""),"OL") -> OL | P44: =IFERROR(__xludf.DUMMYFUNCTION("""COMPUTED_VALUE"""),"LSG") -> LSG | Q44: =IFERROR(__xludf.DUMMYFUNCTION("""COMPUTED_VALUE"""),245) -> 245 | S44: 2 | T44: =IFERROR(__xludf.DUMMYFUNCTION("""COMPUTED_VALUE"""),"Harpreet Brar") -> Harpreet Brar | U44: =IFERROR(__xludf.DUMMYFUNCTION("""COMPUTED_VALUE"""),"AS") -> AS | V44: =IFERROR(__xludf.DUMMYFUNCTION("""COMPUTED_VALUE"""),"PBSK") -> PBSK | W44: =IFERROR(__xludf.DUMMYFUNCTION("""COMPUTED_VALUE"""),98) -> 98
A45: 3 | B45: =IFERROR(__xludf.DUMMYFUNCTION("""COMPUTED_VALUE"""),"Khaleel + Rabada") -> Khaleel + Rabada | C45: =IFERROR(__xludf.DUMMYFUNCTION("""COMPUTED_VALUE"""),"HW") -> HW | D45: =IFERROR(__xludf.DUMMYFUNCTION("""COMPUTED_VALUE"""),"CSK/GT") -> CSK/GT | E45: =IFERROR(__xludf.DUMMYFUNCTION("""COMPUTED_VALUE"""),1048) -> 1048 | G45: 3 | H45: =IFERROR(__xludf.DUMMYFUNCTION("""COMPUTED_VALUE"""),"Rajat Patidar") -> Rajat Patidar | I45: =IFERROR(__xludf.DUMMYFUNCTION("""COMPUTED_VALUE"""),"OL") -> OL | J45: =IFERROR(__xludf.DUMMYFUNCTION("""COMPUTED_VALUE"""),"RCB") -> RCB | K45: =IFERROR(__xludf.DUMMYFUNCTION("""COMPUTED_VALUE"""),845) -> 845 | M45: 3 | N45: =IFERROR(__xludf.DUMMYFUNCTION("""COMPUTED_VALUE"""),"Khaleel + Rabada") -> Khaleel + Rabada | O45: =IFERROR(__xludf.DUMMYFUNCTION("""COMPUTED_VALUE"""),"HW") -> HW | P45: =IFERROR(__xludf.DUMMYFUNCTION("""COMPUTED_VALUE"""),"CSK/GT") -> CSK/GT | Q45: =IFERROR(__xludf.DUMMYFUNCTION("""COMPUTED_VALUE"""),1048) -> 1048 | S45: 3 | T45: =IFERROR(__xludf.DUMMYFUNCTION("""COMPUTED_VALUE"""),"Riyan Parag") -> Riyan Parag | U45: =IFERROR(__xludf.DUMMYFUNCTION("""COMPUTED_VALUE"""),"PA") -> PA | V45: =IFERROR(__xludf.DUMMYFUNCTION("""COMPUTED_VALUE"""),"RR") -> RR | W45: =IFERROR(__xludf.DUMMYFUNCTION("""COMPUTED_VALUE"""),564) -> 564
A46: 4 | B46: =IFERROR(__xludf.DUMMYFUNCTION("""COMPUTED_VALUE"""),"Glenn Phillips") -> Glenn Phillips | C46: =IFERROR(__xludf.DUMMYFUNCTION("""COMPUTED_VALUE"""),"MC") -> MC | D46: =IFERROR(__xludf.DUMMYFUNCTION("""COMPUTED_VALUE"""),"GT") -> GT | E46: =IFERROR(__xludf.DUMMYFUNCTION("""COMPUTED_VALUE"""),165) -> 165 | G46: 4 | H46: =IFERROR(__xludf.DUMMYFUNCTION("""COMPUTED_VALUE"""),"Abhishek Porel") -> Abhishek Porel | I46: =IFERROR(__xludf.DUMMYFUNCTION("""COMPUTED_VALUE"""),"OL") -> OL | J46: =IFERROR(__xludf.DUMMYFUNCTION("""COMPUTED_VALUE"""),"DC") -> DC | K46: =IFERROR(__xludf.DUMMYFUNCTION("""COMPUTED_VALUE"""),157) -> 157 | M46: 4 | N46: =IFERROR(__xludf.DUMMYFUNCTION("""COMPUTED_VALUE"""),"Mohammed Shami") -> Mohammed Shami | O46: =IFERROR(__xludf.DUMMYFUNCTION("""COMPUTED_VALUE"""),"HW") -> HW | P46: =IFERROR(__xludf.DUMMYFUNCTION("""COMPUTED_VALUE"""),"LSG") -> LSG | Q46: =IFERROR(__xludf.DUMMYFUNCTION("""COMPUTED_VALUE"""),543) -> 543 | S46: 4 | T46: =IFERROR(__xludf.DUMMYFUNCTION("""COMPUTED_VALUE"""),"Marcus Stoinis") -> Marcus Stoinis | U46: =IFERROR(__xludf.DUMMYFUNCTION("""COMPUTED_VALUE"""),"HW") -> HW | V46: =IFERROR(__xludf.DUMMYFUNCTION("""COMPUTED_VALUE"""),"PBSK") -> PBSK | W46: =IFERROR(__xludf.DUMMYFUNCTION("""COMPUTED_VALUE"""),415) -> 415
A47: 5 | B47: =IFERROR(__xludf.DUMMYFUNCTION("""COMPUTED_VALUE"""),"Devdutt Padikkal") -> Devdutt Padikkal | C47: =IFERROR(__xludf.DUMMYFUNCTION("""COMPUTED_VALUE"""),"PA") -> PA | D47: =IFERROR(__xludf.DUMMYFUNCTION("""COMPUTED_VALUE"""),"RCB") -> RCB | E47: =IFERROR(__xludf.DUMMYFUNCTION("""COMPUTED_VALUE"""),835) -> 835 | G47: 5 | H47: =IFERROR(__xludf.DUMMYFUNCTION("""COMPUTED_VALUE"""),"Sai Sudharsan") -> Sai Sudharsan | I47: =IFERROR(__xludf.DUMMYFUNCTION("""COMPUTED_VALUE"""),"AS") -> AS | J47: =IFERROR(__xludf.DUMMYFUNCTION("""COMPUTED_VALUE"""),"GT") -> GT | K47: =IFERROR(__xludf.DUMMYFUNCTION("""COMPUTED_VALUE"""),1089) -> 1089 | M47: 5 | N47: =IFERROR(__xludf.DUMMYFUNCTION("""COMPUTED_VALUE"""),"Mohammad Siraj") -> Mohammad Siraj | O47: =IFERROR(__xludf.DUMMYFUNCTION("""COMPUTED_VALUE"""),"HW") -> HW | P47: =IFERROR(__xludf.DUMMYFUNCTION("""COMPUTED_VALUE"""),"GT") -> GT | Q47: =IFERROR(__xludf.DUMMYFUNCTION("""COMPUTED_VALUE"""),775) -> 775 | S47: 5 | T47: =IFERROR(__xludf.DUMMYFUNCTION("""COMPUTED_VALUE"""),"Priyansh Arya") -> Priyansh Arya | U47: =IFERROR(__xludf.DUMMYFUNCTION("""COMPUTED_VALUE"""),"MC") -> MC | V47: =IFERROR(__xludf.DUMMYFUNCTION("""COMPUTED_VALUE"""),"PBSK") -> PBSK | W47: =IFERROR(__xludf.DUMMYFUNCTION("""COMPUTED_VALUE"""),585) -> 585
A48: 6 | B48: =IFERROR(__xludf.DUMMYFUNCTION("""COMPUTED_VALUE"""),"Krunal Pandya") -> Krunal Pandya | C48: =IFERROR(__xludf.DUMMYFUNCTION("""COMPUTED_VALUE"""),"OL") -> OL | D48: =IFERROR(__xludf.DUMMYFUNCTION("""COMPUTED_VALUE"""),"RCB") -> RCB | E48: =IFERROR(__xludf.DUMMYFUNCTION("""COMPUTED_VALUE"""),836) -> 836 | H48: =IFERROR(__xludf.DUMMYFUNCTION("""COMPUTED_VALUE"""),"Heinrich Klaasen") -> Heinrich Klaasen | I48: =IFERROR(__xludf.DUMMYFUNCTION("""COMPUTED_VALUE"""),"PA") -> PA | J48: =IFERROR(__xludf.DUMMYFUNCTION("""COMPUTED_VALUE"""),"SRH") -> SRH | K48: =IFERROR(__xludf.DUMMYFUNCTION("""COMPUTED_VALUE"""),1016) -> 1016 | N48: =IFERROR(__xludf.DUMMYFUNCTION("""COMPUTED_VALUE"""),"Jofra Archer") -> Jofra Archer | O48: =IFERROR(__xludf.DUMMYFUNCTION("""COMPUTED_VALUE"""),"HW") -> HW | P48: =IFERROR(__xludf.DUMMYFUNCTION("""COMPUTED_VALUE"""),"RR") -> RR | Q48: =IFERROR(__xludf.DUMMYFUNCTION("""COMPUTED_VALUE"""),1083) -> 1083 | T48: =IFERROR(__xludf.DUMMYFUNCTION("""COMPUTED_VALUE"""),"Auqib Nabi") -> Auqib Nabi | U48: =IFERROR(__xludf.DUMMYFUNCTION("""COMPUTED_VALUE"""),"PA") -> PA | V48: =IFERROR(__xludf.DUMMYFUNCTION("""COMPUTED_VALUE"""),"DC") -> DC | W48: =IFERROR(__xludf.DUMMYFUNCTION("""COMPUTED_VALUE"""),56) -> 56
A49: 7 | B49: =IFERROR(__xludf.DUMMYFUNCTION("""COMPUTED_VALUE"""),"Harpreet Brar") -> Harpreet Brar | C49: =IFERROR(__xludf.DUMMYFUNCTION("""COMPUTED_VALUE"""),"AS") -> AS | D49: =IFERROR(__xludf.DUMMYFUNCTION("""COMPUTED_VALUE"""),"PBSK") -> PBSK | E49: =IFERROR(__xludf.DUMMYFUNCTION("""COMPUTED_VALUE"""),98) -> 98 | H49: =IFERROR(__xludf.DUMMYFUNCTION("""COMPUTED_VALUE"""),"Prabhsimran Singh") -> Prabhsimran Singh | I49: =IFERROR(__xludf.DUMMYFUNCTION("""COMPUTED_VALUE"""),"HW") -> HW | J49: =IFERROR(__xludf.DUMMYFUNCTION("""COMPUTED_VALUE"""),"PBSK") -> PBSK | K49: =IFERROR(__xludf.DUMMYFUNCTION("""COMPUTED_VALUE"""),831) -> 831 | N49: =IFERROR(__xludf.DUMMYFUNCTION("""COMPUTED_VALUE"""),"Mitchell Starc") -> Mitchell Starc | O49: =IFERROR(__xludf.DUMMYFUNCTION("""COMPUTED_VALUE"""),"MC") -> MC | P49: =IFERROR(__xludf.DUMMYFUNCTION("""COMPUTED_VALUE"""),"DC") -> DC | Q49: =IFERROR(__xludf.DUMMYFUNCTION("""COMPUTED_VALUE"""),404) -> 404 | T49: =IFERROR(__xludf.DUMMYFUNCTION("""COMPUTED_VALUE"""),"Vaibhav Suryavanshi") -> Vaibhav Suryavanshi | U49: =IFERROR(__xludf.DUMMYFUNCTION("""COMPUTED_VALUE"""),"AS") -> AS | V49: =IFERROR(__xludf.DUMMYFUNCTION("""COMPUTED_VALUE"""),"RR") -> RR | W49: =IFERROR(__xludf.DUMMYFUNCTION("""COMPUTED_VALUE"""),1211) -> 1211
A50: 8 | B50: =IFERROR(__xludf.DUMMYFUNCTION("""COMPUTED_VALUE"""),"Mohammed Shami") -> Mohammed Shami | C50: =IFERROR(__xludf.DUMMYFUNCTION("""COMPUTED_VALUE"""),"HW") -> HW | D50: =IFERROR(__xludf.DUMMYFUNCTION("""COMPUTED_VALUE"""),"LSG") -> LSG | E50: =IFERROR(__xludf.DUMMYFUNCTION("""COMPUTED_VALUE"""),543) -> 543 | H50: =IFERROR(__xludf.DUMMYFUNCTION("""COMPUTED_VALUE"""),"Jitesh Sharma") -> Jitesh Sharma | I50: =IFERROR(__xludf.DUMMYFUNCTION("""COMPUTED_VALUE"""),"HW") -> HW | J50: =IFERROR(__xludf.DUMMYFUNCTION("""COMPUTED_VALUE"""),"RCB") -> RCB | K50: =IFERROR(__xludf.DUMMYFUNCTION("""COMPUTED_VALUE"""),357) -> 357 | N50: =IFERROR(__xludf.DUMMYFUNCTION("""COMPUTED_VALUE"""),"Rashid Khan") -> Rashid Khan | O50: =IFERROR(__xludf.DUMMYFUNCTION("""COMPUTED_VALUE"""),"OL") -> OL | P50: =IFERROR(__xludf.DUMMYFUNCTION("""COMPUTED_VALUE"""),"GT") -> GT | Q50: =IFERROR(__xludf.DUMMYFUNCTION("""COMPUTED_VALUE"""),874) -> 874 | T50: =IFERROR(__xludf.DUMMYFUNCTION("""COMPUTED_VALUE"""),"Romario Shepherd") -> Romario Shepherd | U50: =IFERROR(__xludf.DUMMYFUNCTION("""COMPUTED_VALUE"""),"AS") -> AS | V50: =IFERROR(__xludf.DUMMYFUNCTION("""COMPUTED_VALUE"""),"RCB") -> RCB | W50: =IFERROR(__xludf.DUMMYFUNCTION("""COMPUTED_VALUE"""),399) -> 399
A51: 9 | B51: =IFERROR(__xludf.DUMMYFUNCTION("""COMPUTED_VALUE"""),"Mohammad Siraj") -> Mohammad Siraj | C51: =IFERROR(__xludf.DUMMYFUNCTION("""COMPUTED_VALUE"""),"HW") -> HW | D51: =IFERROR(__xludf.DUMMYFUNCTION("""COMPUTED_VALUE"""),"GT") -> GT | E51: =IFERROR(__xludf.DUMMYFUNCTION("""COMPUTED_VALUE"""),775) -> 775 | H51: =IFERROR(__xludf.DUMMYFUNCTION("""COMPUTED_VALUE"""),"Tristan Stubbs") -> Tristan Stubbs | I51: =IFERROR(__xludf.DUMMYFUNCTION("""COMPUTED_VALUE"""),"HW") -> HW | J51: =IFERROR(__xludf.DUMMYFUNCTION("""COMPUTED_VALUE"""),"DC") -> DC | K51: =IFERROR(__xludf.DUMMYFUNCTION("""COMPUTED_VALUE"""),459) -> 459 | N51: =IFERROR(__xludf.DUMMYFUNCTION("""COMPUTED_VALUE"""),"Bhuvneshwar Kumar") -> Bhuvneshwar Kumar | O51: =IFERROR(__xludf.DUMMYFUNCTION("""COMPUTED_VALUE"""),"MC") -> MC | P51: =IFERROR(__xludf.DUMMYFUNCTION("""COMPUTED_VALUE"""),"RCB") -> RCB | Q51: =IFERROR(__xludf.DUMMYFUNCTION("""COMPUTED_VALUE"""),1051) -> 1051 | T51: =IFERROR(__xludf.DUMMYFUNCTION("""COMPUTED_VALUE"""),"Shivam Dube") -> Shivam Dube | U51: =IFERROR(__xludf.DUMMYFUNCTION("""COMPUTED_VALUE"""),"AS") -> AS | V51: =IFERROR(__xludf.DUMMYFUNCTION("""COMPUTED_VALUE"""),"CSK") -> CSK | W51: =IFERROR(__xludf.DUMMYFUNCTION("""COMPUTED_VALUE"""),471) -> 471
A52: 10 | B52: =IFERROR(__xludf.DUMMYFUNCTION("""COMPUTED_VALUE"""),"Riyan Parag") -> Riyan Parag | C52: =IFERROR(__xludf.DUMMYFUNCTION("""COMPUTED_VALUE"""),"PA") -> PA | D52: =IFERROR(__xludf.DUMMYFUNCTION("""COMPUTED_VALUE"""),"RR") -> RR | E52: =IFERROR(__xludf.DUMMYFUNCTION("""COMPUTED_VALUE"""),564) -> 564 | H52: =IFERROR(__xludf.DUMMYFUNCTION("""COMPUTED_VALUE"""),"Sanju Samson") -> Sanju Samson | I52: =IFERROR(__xludf.DUMMYFUNCTION("""COMPUTED_VALUE"""),"AS") -> AS | J52: =IFERROR(__xludf.DUMMYFUNCTION("""COMPUTED_VALUE"""),"CSK") -> CSK | K52: =IFERROR(__xludf.DUMMYFUNCTION("""COMPUTED_VALUE"""),770) -> 770 | N52: =IFERROR(__xludf.DUMMYFUNCTION("""COMPUTED_VALUE"""),"Prasidh Krishna") -> Prasidh Krishna | O52: =IFERROR(__xludf.DUMMYFUNCTION("""COMPUTED_VALUE"""),"PA") -> PA | P52: =IFERROR(__xludf.DUMMYFUNCTION("""COMPUTED_VALUE"""),"GT") -> GT | Q52: =IFERROR(__xludf.DUMMYFUNCTION("""COMPUTED_VALUE"""),572) -> 572 | T52: =IFERROR(__xludf.DUMMYFUNCTION("""COMPUTED_VALUE"""),"Mitchell Marsh") -> Mitchell Marsh | U52: =IFERROR(__xludf.DUMMYFUNCTION("""COMPUTED_VALUE"""),"HW") -> HW | V52: =IFERROR(__xludf.DUMMYFUNCTION("""COMPUTED_VALUE"""),"LSG") -> LSG | W52: =IFERROR(__xludf.DUMMYFUNCTION("""COMPUTED_VALUE"""),854) -> 854
A53: 11 | B53: =IFERROR(__xludf.DUMMYFUNCTION("""COMPUTED_VALUE"""),"Rajat Patidar") -> Rajat Patidar | C53: =IFERROR(__xludf.DUMMYFUNCTION("""COMPUTED_VALUE"""),"OL") -> OL | D53: =IFERROR(__xludf.DUMMYFUNCTION("""COMPUTED_VALUE"""),"RCB") -> RCB | E53: =IFERROR(__xludf.DUMMYFUNCTION("""COMPUTED_VALUE"""),845) -> 845 | H53: =IFERROR(__xludf.DUMMYFUNCTION("""COMPUTED_VALUE"""),"Angkrish Raghuvanshi") -> Angkrish Raghuvanshi | I53: =IFERROR(__xludf.DUMMYFUNCTION("""COMPUTED_VALUE"""),"HW") -> HW | J53: =IFERROR(__xludf.DUMMYFUNCTION("""COMPUTED_VALUE"""),"KKR") -> KKR | K53: =IFERROR(__xludf.DUMMYFUNCTION("""COMPUTED_VALUE"""),676) -> 676 | N53: =IFERROR(__xludf.DUMMYFUNCTION("""COMPUTED_VALUE"""),"Arshdeep Singh") -> Arshdeep Singh | O53: =IFERROR(__xludf.DUMMYFUNCTION("""COMPUTED_VALUE"""),"OL") -> OL | P53: =IFERROR(__xludf.DUMMYFUNCTION("""COMPUTED_VALUE"""),"PBSK") -> PBSK | Q53: =IFERROR(__xludf.DUMMYFUNCTION("""COMPUTED_VALUE"""),536) -> 536 | T53: =IFERROR(__xludf.DUMMYFUNCTION("""COMPUTED_VALUE"""),"Sunil Narine") -> Sunil Narine | U53: =IFERROR(__xludf.DUMMYFUNCTION("""COMPUTED_VALUE"""),"MC") -> MC | V53: =IFERROR(__xludf.DUMMYFUNCTION("""COMPUTED_VALUE"""),"KKR") -> KKR | W53: =IFERROR(__xludf.DUMMYFUNCTION("""COMPUTED_VALUE"""),688) -> 688
A54: 12 | B54: =IFERROR(__xludf.DUMMYFUNCTION("""COMPUTED_VALUE"""),"Marcus Stoinis") -> Marcus Stoinis | C54: =IFERROR(__xludf.DUMMYFUNCTION("""COMPUTED_VALUE"""),"HW") -> HW | D54: =IFERROR(__xludf.DUMMYFUNCTION("""COMPUTED_VALUE"""),"PBSK") -> PBSK | E54: =IFERROR(__xludf.DUMMYFUNCTION("""COMPUTED_VALUE"""),415) -> 415 | H54: =IFERROR(__xludf.DUMMYFUNCTION("""COMPUTED_VALUE"""),"Shashank Singh") -> Shashank Singh | I54: =IFERROR(__xludf.DUMMYFUNCTION("""COMPUTED_VALUE"""),"HW") -> HW | J54: =IFERROR(__xludf.DUMMYFUNCTION("""COMPUTED_VALUE"""),"PBSK") -> PBSK | K54: =IFERROR(__xludf.DUMMYFUNCTION("""COMPUTED_VALUE"""),350) -> 350 | N54: =IFERROR(__xludf.DUMMYFUNCTION("""COMPUTED_VALUE"""),"Noor Ahmad") -> Noor Ahmad | O54: =IFERROR(__xludf.DUMMYFUNCTION("""COMPUTED_VALUE"""),"PA") -> PA | P54: =IFERROR(__xludf.DUMMYFUNCTION("""COMPUTED_VALUE"""),"CSK") -> CSK | Q54: =IFERROR(__xludf.DUMMYFUNCTION("""COMPUTED_VALUE"""),520) -> 520 | T54: =IFERROR(__xludf.DUMMYFUNCTION("""COMPUTED_VALUE"""),"Aiden Markram") -> Aiden Markram | U54: =IFERROR(__xludf.DUMMYFUNCTION("""COMPUTED_VALUE"""),"PA") -> PA | V54: =IFERROR(__xludf.DUMMYFUNCTION("""COMPUTED_VALUE"""),"LSG") -> LSG | W54: =IFERROR(__xludf.DUMMYFUNCTION("""COMPUTED_VALUE"""),431) -> 431
A56: ---- HW: Uncapped Players ---- | G56: ---- PA: Uncapped Players ---- | M56: ---- MC: Uncapped Players ---- | S56: ---- AS: Uncapped Players ----
A57: Sr.No. | B57: =IFERROR(__xludf.DUMMYFUNCTION("ARRAYFORMULA(QUERY(Warriors[[#ALL],[Name]:[IPL]], ""SELECT B, C, I, H where B is not null AND F = 'Uncapped' ORDER BY H DESC LIMIT 3"", 1))"),"Name") -> Name | C57: =IFERROR(__xludf.DUMMYFUNCTION("""COMPUTED_VALUE"""),"Type") -> Type | D57: =IFERROR(__xludf.DUMMYFUNCTION("""COMPUTED_VALUE"""),"IPL") -> IPL | E57: =IFERROR(__xludf.DUMMYFUNCTION("""COMPUTED_VALUE"""),"Points") -> Points | G57: Sr.No. | H57: =IFERROR(__xludf.DUMMYFUNCTION("ARRAYFORMULA(QUERY(PA!B1:I16, ""SELECT B, C, I, H where B is not null AND F = 'Uncapped' ORDER BY H DESC LIMIT 3"", 1))"),"Name") -> Name | I57: =IFERROR(__xludf.DUMMYFUNCTION("""COMPUTED_VALUE"""),"Type") -> Type | J57: =IFERROR(__xludf.DUMMYFUNCTION("""COMPUTED_VALUE"""),"IPL") -> IPL | K57: =IFERROR(__xludf.DUMMYFUNCTION("""COMPUTED_VALUE"""),"Points") -> Points | M57: Sr.No. | N57: =IFERROR(__xludf.DUMMYFUNCTION("QUERY(MC!B:I, ""SELECT B, C, I, H where B is not null AND F = 'Uncapped' ORDER BY H DESC LIMIT 3"", 1)"),"Name") -> Name | O57: =IFERROR(__xludf.DUMMYFUNCTION("""COMPUTED_VALUE"""),"Type") -> Type | P57: =IFERROR(__xludf.DUMMYFUNCTION("""COMPUTED_VALUE"""),"IPL") -> IPL | Q57: =IFERROR(__xludf.DUMMYFUNCTION("""COMPUTED_VALUE"""),"Points") -> Points | S57: Sr.No. | T57: =IFERROR(__xludf.DUMMYFUNCTION("QUERY(AS!B:I, ""SELECT B, C, I, H where B is not null AND F = 'Uncapped' ORDER BY H DESC LIMIT 3"", 1)"),"Name") -> Name | U57: =IFERROR(__xludf.DUMMYFUNCTION("""COMPUTED_VALUE"""),"Type") -> Type | V57: =IFERROR(__xludf.DUMMYFUNCTION("""COMPUTED_VALUE"""),"IPL") -> IPL | W57: =IFERROR(__xludf.DUMMYFUNCTION("""COMPUTED_VALUE"""),"Points") -> Points
A58: 1 | B58: =IFERROR(__xludf.DUMMYFUNCTION("""COMPUTED_VALUE"""),"Prabhsimran Singh") -> Prabhsimran Singh | C58: =IFERROR(__xludf.DUMMYFUNCTION("""COMPUTED_VALUE"""),"Batter") -> Batter | D58: =IFERROR(__xludf.DUMMYFUNCTION("""COMPUTED_VALUE"""),"PBSK") -> PBSK | E58: =IFERROR(__xludf.DUMMYFUNCTION("""COMPUTED_VALUE"""),831) -> 831 | G58: 1 | H58: =IFERROR(__xludf.DUMMYFUNCTION("""COMPUTED_VALUE"""),"Vaibhav Arora") -> Vaibhav Arora | I58: =IFERROR(__xludf.DUMMYFUNCTION("""COMPUTED_VALUE"""),"Bowler") -> Bowler | J58: =IFERROR(__xludf.DUMMYFUNCTION("""COMPUTED_VALUE"""),"KKR") -> KKR | K58: =IFERROR(__xludf.DUMMYFUNCTION("""COMPUTED_VALUE"""),405) -> 405 | M58: 1 | N58: =IFERROR(__xludf.DUMMYFUNCTION("""COMPUTED_VALUE"""),"Priyansh Arya") -> Priyansh Arya | O58: =IFERROR(__xludf.DUMMYFUNCTION("""COMPUTED_VALUE"""),"All-Rounder") -> All-Rounder | P58: =IFERROR(__xludf.DUMMYFUNCTION("""COMPUTED_VALUE"""),"PBSK") -> PBSK | Q58: =IFERROR(__xludf.DUMMYFUNCTION("""COMPUTED_VALUE"""),585) -> 585 | S58: 1 | T58: =IFERROR(__xludf.DUMMYFUNCTION("""COMPUTED_VALUE"""),"Vaibhav Suryavanshi") -> Vaibhav Suryavanshi | U58: =IFERROR(__xludf.DUMMYFUNCTION("""COMPUTED_VALUE"""),"All-Rounder") -> All-Rounder | V58: =IFERROR(__xludf.DUMMYFUNCTION("""COMPUTED_VALUE"""),"RR") -> RR | W58: =IFERROR(__xludf.DUMMYFUNCTION("""COMPUTED_VALUE"""),1211) -> 1211
A59: 2 | B59: =IFERROR(__xludf.DUMMYFUNCTION("""COMPUTED_VALUE"""),"Angkrish Raghuvanshi") -> Angkrish Raghuvanshi | C59: =IFERROR(__xludf.DUMMYFUNCTION("""COMPUTED_VALUE"""),"Batter") -> Batter | D59: =IFERROR(__xludf.DUMMYFUNCTION("""COMPUTED_VALUE"""),"KKR") -> KKR | E59: =IFERROR(__xludf.DUMMYFUNCTION("""COMPUTED_VALUE"""),676) -> 676 | G59: 2 | H59: =IFERROR(__xludf.DUMMYFUNCTION("""COMPUTED_VALUE"""),"Nehal Wadhera") -> Nehal Wadhera | I59: =IFERROR(__xludf.DUMMYFUNCTION("""COMPUTED_VALUE"""),"Batter") -> Batter | J59: =IFERROR(__xludf.DUMMYFUNCTION("""COMPUTED_VALUE"""),"PBSK") -> PBSK | K59: =IFERROR(__xludf.DUMMYFUNCTION("""COMPUTED_VALUE"""),127) -> 127 | M59: 2 | N59: =IFERROR(__xludf.DUMMYFUNCTION("""COMPUTED_VALUE"""),"Ayush Badoni") -> Ayush Badoni | O59: =IFERROR(__xludf.DUMMYFUNCTION("""COMPUTED_VALUE"""),"All-Rounder") -> All-Rounder | P59: =IFERROR(__xludf.DUMMYFUNCTION("""COMPUTED_VALUE"""),"LSG") -> LSG | Q59: =IFERROR(__xludf.DUMMYFUNCTION("""COMPUTED_VALUE"""),348) -> 348 | S59: 2 | T59: =IFERROR(__xludf.DUMMYFUNCTION("""COMPUTED_VALUE"""),"Rasikh Dar") -> Rasikh Dar | U59: =IFERROR(__xludf.DUMMYFUNCTION("""COMPUTED_VALUE"""),"Bowler") -> Bowler | V59: =IFERROR(__xludf.DUMMYFUNCTION("""COMPUTED_VALUE"""),"RCB") -> RCB | W59: =IFERROR(__xludf.DUMMYFUNCTION("""COMPUTED_VALUE"""),604) -> 604
A60: 3 | B60: =IFERROR(__xludf.DUMMYFUNCTION("""COMPUTED_VALUE"""),"Shashank Singh") -> Shashank Singh | C60: =IFERROR(__xludf.DUMMYFUNCTION("""COMPUTED_VALUE"""),"Batter") -> Batter | D60: =IFERROR(__xludf.DUMMYFUNCTION("""COMPUTED_VALUE"""),"PBSK") -> PBSK | E60: =IFERROR(__xludf.DUMMYFUNCTION("""COMPUTED_VALUE"""),350) -> 350 | G60: 3 | H60: =IFERROR(__xludf.DUMMYFUNCTION("""COMPUTED_VALUE"""),"Auqib Nabi") -> Auqib Nabi | I60: =IFERROR(__xludf.DUMMYFUNCTION("""COMPUTED_VALUE"""),"All-Rounder") -> All-Rounder | J60: =IFERROR(__xludf.DUMMYFUNCTION("""COMPUTED_VALUE"""),"DC") -> DC | K60: =IFERROR(__xludf.DUMMYFUNCTION("""COMPUTED_VALUE"""),56) -> 56 | M60: 3 | N60: =IFERROR(__xludf.DUMMYFUNCTION("""COMPUTED_VALUE"""),"Ayush Mhatre + Sandeep Sharma") -> Ayush Mhatre + Sandeep Sharma | O60: =IFERROR(__xludf.DUMMYFUNCTION("""COMPUTED_VALUE"""),"Batter") -> Batter | P60: =IFERROR(__xludf.DUMMYFUNCTION("""COMPUTED_VALUE"""),"CSK + RR") -> CSK + RR | Q60: =IFERROR(__xludf.DUMMYFUNCTION("""COMPUTED_VALUE"""),312) -> 312 | S60: 3 | T60: =IFERROR(__xludf.DUMMYFUNCTION("""COMPUTED_VALUE"""),"Mohsin Khan") -> Mohsin Khan | U60: =IFERROR(__xludf.DUMMYFUNCTION("""COMPUTED_VALUE"""),"Bowler") -> Bowler | V60: =IFERROR(__xludf.DUMMYFUNCTION("""COMPUTED_VALUE"""),"LSG") -> LSG | W60: =IFERROR(__xludf.DUMMYFUNCTION("""COMPUTED_VALUE"""),444) -> 444
A62: ---- OL: Uncapped Players ---- | G62: ---- HW: Not Counted Players ---- | M62: ---- PA: Not Counted Players ---- | S62: ---- MC: Not Counted Players ----
A63: Sr.No. | B63: =IFERROR(__xludf.DUMMYFUNCTION("QUERY(OL!B1:I16, ""SELECT B, C, I, H where B is not null AND F = 'Uncapped' ORDER BY H DESC LIMIT 3"", 1)"),"Name") -> Name | C63: =IFERROR(__xludf.DUMMYFUNCTION("""COMPUTED_VALUE"""),"Type") -> Type | D63: =IFERROR(__xludf.DUMMYFUNCTION("""COMPUTED_VALUE"""),"IPL") -> IPL | E63: =IFERROR(__xludf.DUMMYFUNCTION("""COMPUTED_VALUE"""),"Points") -> Points | G63: Sr.No. | H63: =IFERROR(__xludf.DUMMYFUNCTION("QUERY(Warriors[[#HEADERS],[#DATA]], ""SELECT B, C, I, H ORDER BY H ASC LIMIT 3"", 1)"),"Name") -> Name | I63: =IFERROR(__xludf.DUMMYFUNCTION("""COMPUTED_VALUE"""),"Type") -> Type | J63: =IFERROR(__xludf.DUMMYFUNCTION("""COMPUTED_VALUE"""),"IPL") -> IPL | K63: =IFERROR(__xludf.DUMMYFUNCTION("""COMPUTED_VALUE"""),"Points") -> Points | M63: Sr.No. | N63: =IFERROR(__xludf.DUMMYFUNCTION("QUERY(PA!A1:K16, ""SELECT B, C, I, H ORDER BY H ASC LIMIT 3"", 1)"),"Name") -> Name | O63: =IFERROR(__xludf.DUMMYFUNCTION("""COMPUTED_VALUE"""),"Type") -> Type | P63: =IFERROR(__xludf.DUMMYFUNCTION("""COMPUTED_VALUE"""),"IPL") -> IPL | Q63: =IFERROR(__xludf.DUMMYFUNCTION("""COMPUTED_VALUE"""),"Points") -> Points | S63: Sr.No. | T63: =IFERROR(__xludf.DUMMYFUNCTION("QUERY(Challengers[[#HEADERS],[#DATA]], ""SELECT B, C, I, H ORDER BY H ASC LIMIT 3"", 1)"),"Name") -> Name | U63: =IFERROR(__xludf.DUMMYFUNCTION("""COMPUTED_VALUE"""),"Type") -> Type | V63: =IFERROR(__xludf.DUMMYFUNCTION("""COMPUTED_VALUE"""),"IPL") -> IPL | W63: =IFERROR(__xludf.DUMMYFUNCTION("""COMPUTED_VALUE"""),"Points") -> Points
A64: 1 | B64: =IFERROR(__xludf.DUMMYFUNCTION("""COMPUTED_VALUE"""),"Digvesh Singh") -> Digvesh Singh | C64: =IFERROR(__xludf.DUMMYFUNCTION("""COMPUTED_VALUE"""),"Bowler") -> Bowler | D64: =IFERROR(__xludf.DUMMYFUNCTION("""COMPUTED_VALUE"""),"LSG") -> LSG | E64: =IFERROR(__xludf.DUMMYFUNCTION("""COMPUTED_VALUE"""),245) -> 245 | G64: 1 | H64: =IFERROR(__xludf.DUMMYFUNCTION("""COMPUTED_VALUE"""),"Shashank Singh") -> Shashank Singh | I64: =IFERROR(__xludf.DUMMYFUNCTION("""COMPUTED_VALUE"""),"Batter") -> Batter | J64: =IFERROR(__xludf.DUMMYFUNCTION("""COMPUTED_VALUE"""),"PBSK") -> PBSK | K64: =IFERROR(__xludf.DUMMYFUNCTION("""COMPUTED_VALUE"""),350) -> 350 | M64: 1 | N64: =IFERROR(__xludf.DUMMYFUNCTION("""COMPUTED_VALUE"""),"Harshal Patel") -> Harshal Patel | O64: =IFERROR(__xludf.DUMMYFUNCTION("""COMPUTED_VALUE"""),"All-Rounder") -> All-Rounder | P64: =IFERROR(__xludf.DUMMYFUNCTION("""COMPUTED_VALUE"""),"SRH") -> SRH | Q64: =IFERROR(__xludf.DUMMYFUNCTION("""COMPUTED_VALUE"""),40) -> 40 | S64: 1 | T64: =IFERROR(__xludf.DUMMYFUNCTION("""COMPUTED_VALUE"""),"MS Dhoni") -> MS Dhoni | U64: =IFERROR(__xludf.DUMMYFUNCTION("""COMPUTED_VALUE"""),"Batter") -> Batter | V64: =IFERROR(__xludf.DUMMYFUNCTION("""COMPUTED_VALUE"""),"CSK") -> CSK | W64: =IFERROR(__xludf.DUMMYFUNCTION("""COMPUTED_VALUE"""),0) -> 0
A65: 2 | B65: =IFERROR(__xludf.DUMMYFUNCTION("""COMPUTED_VALUE"""),"Abhishek Porel") -> Abhishek Porel | C65: =IFERROR(__xludf.DUMMYFUNCTION("""COMPUTED_VALUE"""),"Batter") -> Batter | D65: =IFERROR(__xludf.DUMMYFUNCTION("""COMPUTED_VALUE"""),"DC") -> DC | E65: =IFERROR(__xludf.DUMMYFUNCTION("""COMPUTED_VALUE"""),157) -> 157 | G65: 2 | H65: =IFERROR(__xludf.DUMMYFUNCTION("""COMPUTED_VALUE"""),"Jitesh Sharma") -> Jitesh Sharma | I65: =IFERROR(__xludf.DUMMYFUNCTION("""COMPUTED_VALUE"""),"Batter") -> Batter | J65: =IFERROR(__xludf.DUMMYFUNCTION("""COMPUTED_VALUE"""),"RCB") -> RCB | K65: =IFERROR(__xludf.DUMMYFUNCTION("""COMPUTED_VALUE"""),357) -> 357 | M65: 2 | N65: =IFERROR(__xludf.DUMMYFUNCTION("""COMPUTED_VALUE"""),"Auqib Nabi") -> Auqib Nabi | O65: =IFERROR(__xludf.DUMMYFUNCTION("""COMPUTED_VALUE"""),"All-Rounder") -> All-Rounder | P65: =IFERROR(__xludf.DUMMYFUNCTION("""COMPUTED_VALUE"""),"DC") -> DC | Q65: =IFERROR(__xludf.DUMMYFUNCTION("""COMPUTED_VALUE"""),56) -> 56 | S65: 2 | T65: =IFERROR(__xludf.DUMMYFUNCTION("""COMPUTED_VALUE"""),"Glenn Phillips") -> Glenn Phillips | U65: =IFERROR(__xludf.DUMMYFUNCTION("""COMPUTED_VALUE"""),"Batter") -> Batter | V65: =IFERROR(__xludf.DUMMYFUNCTION("""COMPUTED_VALUE"""),"GT") -> GT | W65: =IFERROR(__xludf.DUMMYFUNCTION("""COMPUTED_VALUE"""),165) -> 165
A66: 3 | B66: =IFERROR(__xludf.DUMMYFUNCTION("""COMPUTED_VALUE"""),"Prashant Veer") -> Prashant Veer | C66: =IFERROR(__xludf.DUMMYFUNCTION("""COMPUTED_VALUE"""),"All-Rounder") -> All-Rounder | D66: =IFERROR(__xludf.DUMMYFUNCTION("""COMPUTED_VALUE"""),"CSK") -> CSK | E66: =IFERROR(__xludf.DUMMYFUNCTION("""COMPUTED_VALUE"""),139) -> 139 | G66: 3 | H66: =IFERROR(__xludf.DUMMYFUNCTION("""COMPUTED_VALUE"""),"Kuldeep Yadav") -> Kuldeep Yadav | I66: =IFERROR(__xludf.DUMMYFUNCTION("""COMPUTED_VALUE"""),"Bowler") -> Bowler | J66: =IFERROR(__xludf.DUMMYFUNCTION("""COMPUTED_VALUE"""),"DC") -> DC | K66: =IFERROR(__xludf.DUMMYFUNCTION("""COMPUTED_VALUE"""),388) -> 388 | M66: 3 | N66: =IFERROR(__xludf.DUMMYFUNCTION("""COMPUTED_VALUE"""),"Nehal Wadhera") -> Nehal Wadhera | O66: =IFERROR(__xludf.DUMMYFUNCTION("""COMPUTED_VALUE"""),"Batter") -> Batter | P66: =IFERROR(__xludf.DUMMYFUNCTION("""COMPUTED_VALUE"""),"PBSK") -> PBSK | Q66: =IFERROR(__xludf.DUMMYFUNCTION("""COMPUTED_VALUE"""),127) -> 127 | S66: 3 | T66: =IFERROR(__xludf.DUMMYFUNCTION("""COMPUTED_VALUE"""),"Shimron Hetmyer") -> Shimron Hetmyer | U66: =IFERROR(__xludf.DUMMYFUNCTION("""COMPUTED_VALUE"""),"Batter") -> Batter | V66: =IFERROR(__xludf.DUMMYFUNCTION("""COMPUTED_VALUE"""),"RR") -> RR | W66: =IFERROR(__xludf.DUMMYFUNCTION("""COMPUTED_VALUE"""),169) -> 169
A68: ---- AS: Not Counted Players ---- | G68: ---- OL: Not Counted Players ---- | M68: ---- Top Performing Extras ---- | T68: MS Dhoni | U68: Batter | V68: CSK | W68: 0
A69: Sr.No. | B69: =IFERROR(__xludf.DUMMYFUNCTION("QUERY(Strikers[[#HEADERS],[#DATA]], ""SELECT B, C, I, H ORDER BY H ASC LIMIT 3"", 1)"),"Name") -> Name | C69: =IFERROR(__xludf.DUMMYFUNCTION("""COMPUTED_VALUE"""),"Type") -> Type | D69: =IFERROR(__xludf.DUMMYFUNCTION("""COMPUTED_VALUE"""),"IPL") -> IPL | E69: =IFERROR(__xludf.DUMMYFUNCTION("""COMPUTED_VALUE"""),"Points") -> Points | G69: Sr.No. | H69: =IFERROR(__xludf.DUMMYFUNCTION("QUERY(Legends[[#HEADERS],[#DATA]], ""SELECT B, C, I, H ORDER BY H ASC LIMIT 3"", 1)"),"Name") -> Name | I69: =IFERROR(__xludf.DUMMYFUNCTION("""COMPUTED_VALUE"""),"Type") -> Type | J69: =IFERROR(__xludf.DUMMYFUNCTION("""COMPUTED_VALUE"""),"IPL") -> IPL | K69: =IFERROR(__xludf.DUMMYFUNCTION("""COMPUTED_VALUE"""),"Points") -> Points | M69: Sr.No. | N69: =IFERROR(__xludf.DUMMYFUNCTION("ARRAYFORMULA(QUERY(Extra!B4:F19, ""SELECT B, F, E where B is not null ORDER BY E DESC LIMIT 3""))"),"Player Name") -> Player Name | O69: =IFERROR(__xludf.DUMMYFUNCTION("""COMPUTED_VALUE"""),"IPL") -> IPL | P69: =IFERROR(__xludf.DUMMYFUNCTION("""COMPUTED_VALUE"""),"Pts") -> Pts | T69: Crayon Dream Team | U69: =SUM(E12:E24) -> 12627
A70: 1 | B70: =IFERROR(__xludf.DUMMYFUNCTION("""COMPUTED_VALUE"""),"Harpreet Brar") -> Harpreet Brar | C70: =IFERROR(__xludf.DUMMYFUNCTION("""COMPUTED_VALUE"""),"All-Rounder") -> All-Rounder | D70: =IFERROR(__xludf.DUMMYFUNCTION("""COMPUTED_VALUE"""),"PBSK") -> PBSK | E70: =IFERROR(__xludf.DUMMYFUNCTION("""COMPUTED_VALUE"""),98) -> 98 | G70: 1 | H70: =IFERROR(__xludf.DUMMYFUNCTION("""COMPUTED_VALUE"""),"Prashant Veer") -> Prashant Veer | I70: =IFERROR(__xludf.DUMMYFUNCTION("""COMPUTED_VALUE"""),"All-Rounder") -> All-Rounder | J70: =IFERROR(__xludf.DUMMYFUNCTION("""COMPUTED_VALUE"""),"CSK") -> CSK | K70: =IFERROR(__xludf.DUMMYFUNCTION("""COMPUTED_VALUE"""),139) -> 139 | M70: 1 | N70: =IFERROR(__xludf.DUMMYFUNCTION("""COMPUTED_VALUE"""),"Cooper Connolly") -> Cooper Connolly | O70: =IFERROR(__xludf.DUMMYFUNCTION("""COMPUTED_VALUE"""),"PBSK") -> PBSK | P70: =IFERROR(__xludf.DUMMYFUNCTION("""COMPUTED_VALUE"""),790) -> 790
A71: 2 | B71: =IFERROR(__xludf.DUMMYFUNCTION("""COMPUTED_VALUE"""),"Quinton de Kock") -> Quinton de Kock | C71: =IFERROR(__xludf.DUMMYFUNCTION("""COMPUTED_VALUE"""),"Batter") -> Batter | D71: =IFERROR(__xludf.DUMMYFUNCTION("""COMPUTED_VALUE"""),"MI") -> MI | E71: =IFERROR(__xludf.DUMMYFUNCTION("""COMPUTED_VALUE"""),221) -> 221 | G71: 2 | H71: =IFERROR(__xludf.DUMMYFUNCTION("""COMPUTED_VALUE"""),"Abhishek Porel") -> Abhishek Porel | I71: =IFERROR(__xludf.DUMMYFUNCTION("""COMPUTED_VALUE"""),"Batter") -> Batter | J71: =IFERROR(__xludf.DUMMYFUNCTION("""COMPUTED_VALUE"""),"DC") -> DC | K71: =IFERROR(__xludf.DUMMYFUNCTION("""COMPUTED_VALUE"""),157) -> 157 | M71: 2 | N71: =IFERROR(__xludf.DUMMYFUNCTION("""COMPUTED_VALUE"""),"Jason Holder") -> Jason Holder | O71: =IFERROR(__xludf.DUMMYFUNCTION("""COMPUTED_VALUE"""),"GT") -> GT | P71: =IFERROR(__xludf.DUMMYFUNCTION("""COMPUTED_VALUE"""),769) -> 769 | T71: Crayon Uncapped Team | U71: =E126 -> 6168
A72: 3 | B72: =IFERROR(__xludf.DUMMYFUNCTION("""COMPUTED_VALUE"""),"Jasprit Bumrah") -> Jasprit Bumrah | C72: =IFERROR(__xludf.DUMMYFUNCTION("""COMPUTED_VALUE"""),"Bowler") -> Bowler | D72: =IFERROR(__xludf.DUMMYFUNCTION("""COMPUTED_VALUE"""),"MI") -> MI | E72: =IFERROR(__xludf.DUMMYFUNCTION("""COMPUTED_VALUE"""),301) -> 301 | G72: 3 | H72: =IFERROR(__xludf.DUMMYFUNCTION("""COMPUTED_VALUE"""),"Digvesh Singh") -> Digvesh Singh | I72: =IFERROR(__xludf.DUMMYFUNCTION("""COMPUTED_VALUE"""),"Bowler") -> Bowler | J72: =IFERROR(__xludf.DUMMYFUNCTION("""COMPUTED_VALUE"""),"LSG") -> LSG | K72: =IFERROR(__xludf.DUMMYFUNCTION("""COMPUTED_VALUE"""),245) -> 245 | M72: 3 | N72: =IFERROR(__xludf.DUMMYFUNCTION("""COMPUTED_VALUE"""),"Tim David ") -> Tim David | O72: =IFERROR(__xludf.DUMMYFUNCTION("""COMPUTED_VALUE"""),"RCB") -> RCB | P72: =IFERROR(__xludf.DUMMYFUNCTION("""COMPUTED_VALUE"""),510) -> 510 | T72: *Above datais are according to players sold in auction
T73: This game may be habit-forming or financially risky. Play responsibly.
D74: Tournament Story The tournament began under the banner of Abhishek Strikers, who stormed out of the gates and controlled the early standings. For nearly two weeks, they looked unstoppable, fending off challenges from Mehul Challengers and a steadily improving Pranav Astra. Then came the first shock. On 1 April, Himanshu Warriors unleashed a massive scoring surge and briefly captured first place. But the battle was only beginning. Abhishek Strikers fought back, reclaiming control before Pranav Astra launched their own assault on 12 April and seized the crown. For the next nine days, Pranav Astra ruled the leaderboard. Their consistency made them look like clear favorites, while Himanshu Warriors, Onkar Legends, and Abhishek Strikers fought fiercely behind them. Every week brought new twists, and the gap between the contenders continued to shrink. Late April changed everything. Abhishek Strikers mounted a remarkable comeback and briefly returned to the summit on 26 April. Yet their celebration was short-lived. Just two days later, Himanshu Warriors surged ahead once more—and this time they never looked back. Meanwhile, Onkar Legends quietly produced the tournament's most impressive rise. Starting near the bottom, they climbed relentlessly, overtaking rivals one by one until they became the closest challenger to the leaders. As May unfolded, the championship became a three-way fight between Himanshu Warriors, Onkar Legends, and Abhishek Strikers. Pranav Astra remained dangerous, but the momentum had shifted. Every scoring update seemed to tighten the race before Himanshu Warriors delivered one final push. When the tournament ended on 31 May, Himanshu Warriors stood atop the mountain with 9,002 points. Onkar Legends completed an extraordinary climb to second, Abhishek Strikers secured third after their long battle at the front, and Pranav Astra's dominant mid-season run became one of the defining chapters of an unforgettable competition.
A79: Team | B79: Missed Top 12 Points | C79: Diff | S79: Team | T79: Points Gained Today Overall
A80: HW | B80: =HW!H20 -> 9600 | C80: =HW!J20 -> 598 | S80: HW | T80: =(RR!I5+SRH!I5+RCB!I5+DC!I5+GT!J5+PBSK!I5+CSK!I5+LSG!I5+KKR!I5+MI!I5) -> 140
A81: MC | B81: =MC!H19 -> 6406 | C81: =MC!J19 -> 161 | S81: MC | T81: =(RR!I6+SRH!I6+RCB!I6+DC!I6+GT!J6+PBSK!I6+CSK!I6+LSG!I6+KKR!I6+MI!I6) -> 134
A82: OL | B82: =OL!H19 -> 8960 | C82: =OL!J19 -> 619 | S82: OL | T82: =(RR!I7+SRH!I7+RCB!I7+DC!I7+GT!J7+PBSK!I7+CSK!I7+LSG!I7+KKR!I7+MI!I7) -> 161
A83: AS | B83: =AS!H20 -> 8402 | C83: =AS!J20 -> 247 | S83: AS | T83: =(RR!I8+SRH!I8+RCB!I8+DC!I8+GT!J8+PBSK!I8+CSK!I8+LSG!I8+KKR!I8+MI!I8) -> 30
A84: PA | B84: =PA!H19 -> 8038 | C84: =PA!J19 -> 119 | S84: PA | T84: =(RR!I9+SRH!I9+RCB!I9+DC!I9+GT!J9+PBSK!I9+CSK!I9+LSG!I9+KKR!I9+MI!I9) -> 160
S86: Team | T86: Points Gained Today Top12
S87: HW | T87: =HW!H18-Data!B2 -> 104
S88: MC | T88: =Challengers[[#Totals],[Points]]-Data!B3 -> 134
S89: OL | T89: =Legends[[#Totals],[Points]]-Data!B4 -> 161
S90: AS | T90: =Strikers[[#Totals],[Points]]-Data!B5 -> 30
S91: PA | T91: =PA!H17-Data!B6 -> 160
E111: =E58 -> 831
E112: =E59 -> 676
E113: =E60 -> 350
E114: =K58 -> 405
E115: =K59 -> 127
E116: =K60 -> 56
E117: =Q58 -> 585
E118: =Q59 -> 348
E119: =Q60 -> 312
E120: =W58 -> 1211
E121: =W59 -> 604
E122: =W60 -> 444
E123: =E64 -> 245
E124: =E65 -> 157
E125: =E66 -> 139
E126: =SUM(LARGE(E111:E125, 1),LARGE(E111:E125,2),LARGE(E111:E125,3),LARGE(E111:E125,4),LARGE(E111:E125,5),LARGE(E111:E125, 6),LARGE(E111:E125,7),LARGE(E111:E125,8),LARGE(E111:E125,9),LARGE(E111:E125,10),LARGE(E111:E125,11),LARGE(E111:E125,12)) -> 6168
I220: Copyright © IPL 2026 All Rights Reserved.

Sheet RCB
A1: Team | B1: Last Match | D1: Match Date | E1: 15 Apr | F1: 1 | H1: 11 | I1: 14
A2: RCB | B2: 22 May
A4: Sr. No | B4: Player Name | C4: Old Pts | D4: Match Pts | E4: Pts | H4: Team | I4: Points Gained
A5: 1 | B5: Jitesh Sharma | C5: =Points!F93 -> 321 | D5: =Points!G93 -> 36 | E5: =Points!H93 -> 357 | H5: HW | I5: =D5 -> 36
A6: 2 | B6: Phil Salt | C6: =Points!F35 -> 348 | D6: =Points!G35 -> 0 | E6: =Points!H35 -> 348 | H6: MC | I6: =SUM(D6:D8) -> 134
A7: 3 | B7: Bhuvneshwar Kumar | C7: =Points!F36 -> 986 | D7: =Points!G36 -> 65 | E7: =Points!H36 -> 1051 | H7: OL | I7: =SUM(D9:D10) -> 79
A8: 4 | B8: Josh Hazlewood | C8: =Points!F37 -> 574 | D8: =Points!G37 -> 69 | E8: =Points!H37 -> 643 | H8: AS | I8: =D11 -> 12
A9: 5 | B9: Krunal Pandya | C9: =Points!F52 -> 795 | D9: =Points!G52 -> 41 | E9: =Points!H52 -> 836 | H9: PA | I9: =SUM(D12,D13) -> 121
A10: 6 | B10: Rajat Patidar | C10: =Points!F53 -> 807 | D10: =Points!G53 -> 38 | E10: =Points!H53 -> 845
A11: 7 | B11: Romario Shepherd | C11: =Points!F14 -> 387 | D11: =Points!G14 -> 12 | E11: =Points!H14 -> 399
A12: 8 | B12: Devdutt Padikkal | C12: =Points!F71 -> 822 | D12: =Points!G71 -> 13 | E12: =Points!H71 -> 835
A13: 9 | B13: Virat Kohli | C13: =Points!F72 -> 952 | D13: =Points!G72 -> 108 | E13: =Points!H72 -> 1060
A14: #1 | B14: Rasikh Salam | C14: =Points!J20 -> 511 | D14: =Points!G20 -> 93 | E14: =Points!L20 -> 604
A15: #2 | B15: Venkatesh Iyer | C15: =Points!J78 -> 278 | D15: =Points!G78 -> 54 | E15: =Points!L78 -> 332

Sheet GT
A1: Team | B1: Last Match | E1: Match Date | F1: 17 Apr | G1: 1 | I1: 8 | J1: 10
A2: GT | B2: 21 May
A4: Sr. No | B4: Player Name | C4: Old Pts | E4: Match Pts | F4: Pts | I4: Team | J4: Points Gained
A5: 1 | B5: Shubman Gill | C5: =Points!F85 -> 1162 | E5: =Points!G85 -> 16 | F5: =Points!H85 -> 1178 | I5: HW | J5: =SUM(E5:E6)+E12 -> 104
A6: 2 | B6: Mohammed Siraj | C6: =Points!F86 -> 736 | E6: =Points!G86 -> 39 | F6: =Points!H86 -> 775 | I6: MC | J6: =E7 -> 0
A7: 3 | B7: Glenn Phillips | C7: =Points!F27 -> 165 | E7: =Points!G27 -> 0 | F7: =Points!H27 -> 165 | I7: OL | J7: =E8 -> 82
A8: 4 | B8: Rashid Khan | C8: =Points!F46 -> 792 | E8: =Points!G46 -> 82 | F8: =Points!H46 -> 874 | I8: AS | J8: =E9 -> 18
A9: 5 | B9: Sai Sudharsan | C9: =Points!F7 -> 1071 | E9: =Points!G7 -> 18 | F9: =Points!H7 -> 1089 | I9: PA | J9: =SUM(E10:E11) -> 39
A10: 6 | B10: Jos Buttler | C10: =Points!F64 -> 1005 | E10: =Points!G64 -> 32 | F10: =Points!H64 -> 1037
A11: 7 | B11: Prasidh Krishna | C11: =Points!F65 -> 565 | E11: =Points!G65 -> 7 | F11: =Points!H65 -> 572
A12: #1 | B12: Kagiso Rabada | C12: =Points!J97 -> 886 | E12: =Points!G97 -> 49 | F12: =Points!L97 -> 935 | G12: 140

Sheet SRH
A1: Team | B1: Last Match | D1: Match Date | E1: 14 Apr | F1: 1 | H1: 7 | I1: 8
A2: SRH | B2: 22 May
A4: Sr. No | B4: Player Name | C4: Old Pts | D4: Match Pts | E4: Pts | H4: Team | I4: Points Gained
A5: 1 | B5: Travis Head | C5: =Points!F55 -> 653 | D5: =Points!G55 -> 0 | E5: =Points!H55 -> 653 | G5: 0 | H5: HW | I5: 0
A6: 2 | B6: Abhishek Sharma | C6: =Points!F17 -> 955 | D6: =Points!G17 -> 0 | E6: =Points!H17 -> 955 | G6: 0 | H6: MC | I6: 0
A7: 3 | B7: Ishan Kishan | C7: =Points!F18 -> 996 | D7: =Points!G18 -> 0 | E7: =Points!H18 -> 996 | G7: 0 | H7: OL | I7: =D5 -> 0
A8: 4 | B8: Pat Cummins | C8: =Points!F19 -> 357 | D8: =Points!G19 -> 0 | E8: =Points!H19 -> 357 | G8: 3 | H8: AS | I8: =SUM(D6:D8) -> 0
A9: 5 | B9: Harshal Patel | C9: =Points!F74 -> 40 | D9: =Points!G74 -> 0 | E9: =Points!H74 -> 40 | G9: 2 | H9: PA | I9: =SUM(D9:D10) -> 0
A10: 6 | B10: Heinrich Klaasen | C10: =Points!F75 -> 1016 | D10: =Points!G75 -> 0 | E10: =Points!H75 -> 1016
A11: #1 | B11: Nitish Kumar Reddy | C11: =Points!J56 -> 798 | D11: =Points!G56 -> 0 | E11: =Points!L56 -> 798

Sheet RR
A1: Team | B1: Last Match | D1: Match Date | E1: 14 Apr | G1: 1 | H1: 8 | I1: 9
A2: RR | B2: 24 May
A4: Sr. No | B4: Player Name | C4: Old Pts | D4: Match Pts | E4: Pts | H4: Team | I4: Points Gained
A5: 1 | B5: Jofra Archer | C5: =Points!F94 -> 1083 | D5: =Points!G94 -> 0 | E5: =Points!H94 -> 1083 | G5: 2 | H5: HW | I5: =SUM(D5:D6) -> 0
A6: 2 | B6: Ravindra Jadeja | C6: =Points!F95 -> 715 | D6: =Points!G95 -> 0 | E6: =Points!H95 -> 715 | G6: 1 | H6: MC | I6: =D7 -> 0
A7: 3 | B7: Shimron Hetmyer | C7: =Points!F38 -> 169 | D7: =Points!G38 -> 0 | E7: =Points!H38 -> 169 | G7: 1 | H7: OL | I7: =D8 -> 0
A8: 4 | B8: Yashasvi Jaiswal | C8: =Points!F54 -> 693 | D8: =Points!G54 -> 0 | E8: =Points!H54 -> 693 | G8: 2 | H8: AS | I8: =SUM(D9:D10) -> 0
A9: 5 | B9: Vaibhav Sooryavanshi | C9: =Points!F15 -> 1211 | D9: =Points!G15 -> 0 | E9: =Points!H15 -> 1211 | G9: 1 | H9: PA | I9: =D11 -> 0
A10: 6 | B10: Ravi Bishnoi | C10: =Points!F16 -> 401 | D10: =Points!G16 -> 0 | E10: =Points!H16 -> 401
A11: 7 | B11: Riyan Parag | C11: =Points!F73 -> 564 | D11: =Points!G73 -> 0 | E11: =Points!H73 -> 564
A12: #1 | B12: Sandeep Sharma | C12: =Points!J39 -> 1 | D12: =Points!G39 -> 0 | E12: =Points!L39 -> 1

Sheet MI
A1: Team | B1: Last Match | D1: Match Date | E1: 16 Apr | F1: 1 | H1: 9 | I1: 11
A2: MI | B2: 24 May
A4: Sr. No | B4: Player Name | C4: Old Pts | D4: Match Pts | E4: Pts | H4: Team | I4: Points Gained
A5: 1 | B5: Hardik Pandya | C5: =Points!F31 -> 462 | D5: =Points!G31 -> 0 | E5: =Points!H31 -> 462 | H5: HW | I5: 0
A6: 2 | B6: Suryakumar Yadav | C6: =Points!F32 -> 432 | D6: =Points!G32 -> 0 | E6: =Points!H32 -> 432 | H6: MC | I6: =SUM(D5:D7) -> 0
A7: 3 | B7: Rohit Sharma | C7: =Points!F33 -> 422 | D7: =Points!G33 -> 0 | E7: =Points!H33 -> 422 | H7: OL | I7: 0
A8: 4 | B8: Tilak Varma | C8: =Points!F9 -> 629 | D8: =Points!G9 -> 0 | E8: =Points!H9 -> 629 | H8: AS | I8: =SUM(D8:D10) -> 0
A9: 5 | B9: Quinton de Kock | C9: =Points!F10 -> 221 | D9: =Points!G10 -> 0 | E9: =Points!H10 -> 221 | H9: PA | I9: =D11 -> 0
A10: 6 | B10: Jasprit Bumrah | C10: =Points!F11 -> 301 | D10: =Points!G11 -> 0 | E10: =Points!H11 -> 301
A11: 7 | B11: Will Jacks | C11: =Points!F68 -> 307 | D11: =Points!G68 -> 0 | E11: =Points!H68 -> 307
A12: #1 | B12: Naman Dhir | C12: =Points!J57 -> 553 | D12: =Points!G57 -> 0 | E12: =Points!L57 -> 553
A13: #2 | B13: Trent Boult | C13: =Points!J77 -> 109 | D13: =Points!G77 -> 0 | E13: =Points!L77 -> 109

Sheet KKR
A1: Team | B1: Last Match | D1: Match Date | E1: 17 Apr | F1: 1 | H1: 9 | I1: 9
A2: KKR | B2: 24 May
A4: Sr. No | B4: Player Name | C4: Old Pts | D4: Match Pts | E4: Pts | H4: Team | I4: Points Gained
A5: 1 | B5: Angkrish Raghuvanshi | C5: =Points!F87 -> 676 | D5: =Points!G87 -> 0 | E5: =Points!H87 -> 676 | H5: HW | I5: =D5 -> 0
A6: 2 | B6: Sunil Narine | C6: =Points!F28 -> 688 | D6: =Points!G28 -> 0 | E6: =Points!H28 -> 688 | H6: MC | I6: =SUM(D6:D7) -> 0
A7: 3 | B7: Ajinkya Rahane | C7: =Points!F29 -> 550 | D7: =Points!G29 -> 0 | E7: =Points!H29 -> 550 | H7: OL | I7: =SUM(D8:D9) -> 0
A8: 4 | B8: Cameron Green | C8: =Points!F47 -> 752 | D8: =Points!G47 -> 0 | E8: =Points!H47 -> 752 | H8: AS | I8: 0
A9: 5 | B9: Varun Chakaravarthy | C9: =Points!F48 -> 433 | D9: =Points!G48 -> 0 | E9: =Points!H48 -> 433 | H9: PA | I9: =D10 -> 0
A10: 6 | B10: Vaibhav Arora | C10: =Points!F66 -> 405 | D10: =Points!G66 -> 0 | E10: =Points!H66 -> 405
A11: #1 | B11: Rinku Singh | C11: =Points!J98 -> 536 | D11: =Points!G98 -> 0 | E11: =Points!L98 -> 536
A12: #2 | B12: Finn Allen | C12: =Points!J58 -> 552 | D12: =Points!G58 -> 0 | E12: =Points!L58 -> 552
A13: #3 | B13: Matheesha Pathirana | C13: =Points!J21 -> 8 | D13: =Points!G21 -> 0 | E13: =Points!L21 -> 8

Sheet DC
A1: Team | B1: Last Match | D1: Match Date | F1: 1 | H1: 8 | I1: 11
A2: DC | B2: 24 May
A4: Sr. No | B4: Player Name | C4: Old Pts | D4: Match Pts | E4: Pts | H4: Team | I4: Points Gained
A5: 1 | B5: Tristan Stubbs | C5: =Points!F83 -> 459 | D5: =Points!G83 -> 0 | E5: =Points!H83 -> 459 | H5: HW | I5: =SUM(D5:D6) -> 0
A6: 2 | B6: Kuldeep Yadav | C6: =Points!F84 -> 388 | D6: =Points!G84 -> 0 | E6: =Points!H84 -> 388 | H6: MC | I6: =D7 -> 0
A7: 3 | B7: Mitchell Starc | C7: =Points!F26 -> 404 | D7: =Points!G26 -> 0 | E7: =Points!H26 -> 404 | H7: OL | I7: =SUM(D8:D10) -> 0
A8: 4 | B8: Axar Patel | C8: =Points!F43 -> 724 | D8: =Points!G43 -> 0 | E8: =Points!H43 -> 724 | H8: AS | I8: 0
A9: 5 | B9: Abishek Porel | C9: =Points!F44 -> 157 | D9: =Points!G44 -> 0 | E9: =Points!H44 -> 157 | H9: PA | I9: =D11 -> 0
A10: 6 | B10: KL Rahul | C10: =Points!F45 -> 903 | D10: =Points!G45 -> 0 | E10: =Points!H45 -> 903
A11: 7 | B11: Auqib Nabi | C11: =Points!F63 -> 56 | D11: =Points!G63 -> 0 | E11: =Points!H63 -> 56
A12: #1 | B12: Nitish Rana | C12: =Points!J76 -> 381 | D12: =Points!G76 -> 0 | E12: =Points!L76 -> 381

Sheet PBSK
A1: Team | B1: Last Match | D1: Match Date | E1: 16 Apr | F1: 1 | H1: 10 | I1: 12
A2: PK | B2: 23 May
A4: Sr. No | B4: Player Name | C4: Old Pts | D4: Match Pts | E4: Pts | H4: Team | I4: Points Gained
A5: 1 | B5: Marcus Stoinis | C5: =Points!F90 -> 415 | D5: =Points!G90 -> 0 | E5: =Points!H90 -> 415 | H5: HW | I5: =SUM(D5:D7) -> 0
A6: 2 | B6: Prabhsimran Singh | C6: =Points!F91 -> 831 | D6: =Points!G91 -> 0 | E6: =Points!H91 -> 831 | H6: MC | I6: =D8 -> 0
A7: 3 | B7: Shashank Singh | C7: =Points!F92 -> 350 | D7: =Points!G92 -> 0 | E7: =Points!H92 -> 350 | H7: OL | I7: =D9 -> 0
A8: 4 | B8: Priyansh Arya | C8: =Points!F34 -> 585 | D8: =Points!G34 -> 0 | E8: =Points!H34 -> 585 | H8: AS | I8: =SUM(D10:D11) -> 0
A9: 5 | B9: Arshdeep Singh | C9: =Points!F51 -> 536 | D9: =Points!G51 -> 0 | E9: =Points!H51 -> 536 | H9: PA | I9: =SUM(D12:D13) -> 0
A10: 6 | B10: Harpreet Brar | C10: =Points!F12 -> 98 | D10: =Points!G12 -> 0 | E10: =Points!H12 -> 98
A11: 7 | B11: Yuzvendra Chahal | C11: =Points!F13 -> 433 | D11: =Points!G13 -> 0 | E11: =Points!H13 -> 433
A12: 8 | B12: Nehal Wadhera | C12: =Points!F69 -> 127 | D12: =Points!G69 -> 0 | E12: =Points!H69 -> 127
A13: 9 | B13: Shreyas Iyer | C13: =Points!F70 -> 815 | D13: =Points!G70 -> 0 | E13: =Points!H70 -> 815
A14: #1 | B14: Marco Jansen | C14: =Points!J40 -> 473 | D14: =Points!G40 -> 0 | E14: =Points!L40 -> 473

Sheet LSG
B1: Last Match | D1: Match Date | E1: 15 Apr | F1: 1 | G1: 8
A2: LSG | B2: 23 May
A4: Sr. No | B4: Player Name | C4: Old Pts | D4: Match Pts | E4: Pts | H4: Team | I4: Points Gained
A5: 1 | B5: Mitchell Marsh | C5: =Points!F88 -> 854 | D5: =Points!G88 -> 0 | E5: =Points!H88 -> 854 | H5: HW | I5: =SUM(D5:D7) -> 0
A6: 2 | B6: Nicholas Pooran | C6: =Points!F89 -> 425 | D6: =Points!G89 -> 0 | E6: =Points!H89 -> 425 | H6: MC | I6: =D8 -> 0
A7: 3 | B7: Mohammad Shami | C7: =Points!F96 -> 543 | D7: =Points!G96 -> 0 | E7: =Points!H96 -> 543 | H7: OL | I7: =SUM(D9:D10) -> 0
A8: 4 | B8: Ayush Badoni | C8: =Points!F30 -> 348 | D8: =Points!G30 -> 0 | E8: =Points!H30 -> 348 | H8: AS | I8: =D11 -> 0
A9: 5 | B9: Digvesh Singh | C9: =Points!F49 -> 245 | D9: =Points!G49 -> 0 | E9: =Points!H49 -> 245 | H9: PA | I9: =D12 -> 0
A10: 6 | B10: Rishabh Pant | C10: =Points!F50 -> 560 | D10: =Points!G50 -> 0 | E10: =Points!H50 -> 560
A11: 7 | B11: Mohsin Khan | C11: =Points!F8 -> 444 | D11: =Points!G8 -> 0 | E11: =Points!H8 -> 444
A12: 8 | B12: Aiden Markram | C12: =Points!F67 -> 431 | D12: =Points!G67 -> 0 | E12: =Points!H67 -> 431

Sheet CSK
A1: Team | B1: Last Match | D1: Match Date | E1: 15 Apr | F1: 1 | H1: 11 | I1: 12
A2: CSK | B2: 21 May
A4: Sr. No | B4: Name | C4: Old Pts | D4: Match Pts | E4: Pts | H4: Team | I4: Points Gained
A5: 1 | B5: Khaleel Ahmed | C5: =Points!F82 -> 113 | D5: =Points!G82 -> 0 | E5: =Points!H82 -> 113 | F5: 70+43 | H5: HW | I5: =D5 -> 0
A6: 2 | B6: Ayush Mhatre | C6: =Points!F24 -> 311 | D6: =Points!G24 -> 0 | E6: =Points!H24 -> 311 | H6: MC | I6: =SUM(D6:D7) -> 0
A7: 3 | B7: MS Dhoni | C7: =Points!F25 -> 0 | D7: =Points!G25 -> 0 | E7: =Points!H25 -> 0 | H7: OL | I7: =SUM(D8:D9) -> 0
A8: 4 | B8: Prashant Veer | C8: =Points!F41 -> 139 | D8: =Points!G41 -> 0 | E8: =Points!H41 -> 139 | H8: AS | I8: =SUM(D10:D11) -> 0
A9: 5 | B9: Ruturaj Gaikwad | C9: =Points!F42 -> 532 | D9: =Points!G42 -> 0 | E9: =Points!H42 -> 532 | H9: PA | I9: =SUM(D12:D13) -> 0
A10: 6 | B10: Shivam Dube | C10: =Points!F5 -> 471 | D10: =Points!G5 -> 0 | E10: =Points!H5 -> 471
A11: 7 | B11: Sanju Samson | C11: =Points!F6 -> 770 | D11: =Points!G6 -> 0 | E11: =Points!H6 -> 770
A12: 8 | B12: Dewald Brevis | C12: =Points!F61 -> 357 | D12: =Points!G61 -> 0 | E12: =Points!H61 -> 357
A13: 9 | B13: Noor Ahmad | C13: =Points!F62 -> 520 | D13: =Points!G62 -> 0 | E13: =Points!H62 -> 520
A14: #1 | B14: Kartik Sharma | C14: =Points!J99 -> 439 | D14: =Points!G99 -> 0 | E14: =Points!L99 -> 439
A15: #2 | B15: Nathan Ellis | C15: =Points!J22 -> 0 | D15: =Points!G22 -> 0 | E15: =Points!L22 -> 0

Sheet Points
A2: Points
A3: 1 | B3: 2 | C3: 3 | D3: 4 | E3: 5 | F3: 8 | G3: 7 | H3: 8
A4: Team | B4: Name | C4: IPL | D4: Dot Balls | E4: Fantasy Points | F4: Old | G4: Match | H4: Total Points | J4: OL | K4: SP | L4: PT | N4: Total Points
A5: AS | B5: Shivam Dube | C5: CSK | D5: 6 | E5: 465 | F5: 471 | G5: =H5-F5 -> 0 | H5: =N5 -> 471 | I5: 1 | J5: OL SP PT | N5: =D5+E5 -> 471
A6: AS | B6: Sanju Samson | C6: CSK | D6: 0 | E6: 770 | F6: 770 | G6: =H6-F6 -> 0 | H6: =N6 -> 770 | I6: 2 | N6: =D6+E6 -> 770
A7: AS | B7: Sai Sudharsan | C7: GT | D7: 0 | E7: 1089 | F7: 1071 | G7: =H7-F7 -> 18 | H7: =N7 -> 1089 | I7: 3 | N7: =D7+E7 -> 1089
A8: AS | B8: Mohsin Khan | C8: LSG | D8: 69 | E8: 375 | F8: 444 | G8: =H8-F8 -> 0 | H8: =N8 -> 444 | I8: 4 | N8: =D8+E8 -> 444
A9: AS | B9: Tilak Varma | C9: MI | D9: 0 | E9: 629 | F9: 629 | G9: =H9-F9 -> 0 | H9: =N9 -> 629 | I9: 5 | N9: =D9+E9 -> 629
A10: AS | B10: Quinton de Kock | C10: MI | D10: 0 | E10: 221 | F10: 221 | G10: =H10-F10 -> 0 | H10: =N10 -> 221 | I10: 6 | N10: =D10+E10 -> 221
A11: AS | B11: Jasprit Bumrah | C11: MI | D11: 111 | E11: 190 | F11: 301 | G11: =H11-F11 -> 0 | H11: =N11 -> 301 | I11: 7 | N11: =D11+E11 -> 301
A12: AS | B12: Harpreet Brar | C12: PBSK | D12: 16 | E12: 82 | F12: 98 | G12: =H12-F12 -> 0 | H12: =N12 -> 98 | I12: 8 | N12: =D12+E12 -> 98
A13: AS | B13: Yuzvendra Chahal | C13: PBSK | D13: 57 | E13: 376 | F13: 433 | G13: =H13-F13 -> 0 | H13: =N13 -> 433 | I13: 9 | N13: =D13+E13 -> 433
A14: AS | B14: Romario Shepherd | C14: RCB | D14: 37 | E14: 362 | F14: 387 | G14: =H14-F14 -> 12 | H14: =N14 -> 399 | I14: 10 | N14: =D14+E14 -> 399
A15: AS | B15: Vaibhav Sooryavanshi | C15: RR | D15: 0 | E15: 1211 | F15: 1211 | G15: =H15-F15 -> 0 | H15: =N15 -> 1211 | I15: 11 | N15: =D15+E15 -> 1211
A16: AS | B16: Ravi Bishnoi | C16: RR | D16: 40 | E16: 361 | F16: 401 | G16: =H16-F16 -> 0 | H16: =N16 -> 401 | I16: 12 | N16: =D16+E16 -> 401
A17: AS | B17: Abhishek Sharma | C17: SRH | D17: 6 | E17: 949 | F17: 955 | G17: =H17-F17 -> 0 | H17: =N17 -> 955 | I17: 13 | N17: =D17+E17 -> 955
... A19: AS | B19: Pat Cummins | C19: SRH | D19: 70 | E19: 287 | F19: 357 | G19: =H19-F19 -> 0 | H19: =N19 -> 357 | I19: 15 | N19: =D19+E19 -> 357
A20: AS | B20: Rasikh Salam | C20: RCB | D20: 0 | E20: 604 | F20: 511 | G20: =H20-F20 -> 93 | H20: =N20 -> 604 | J20: =H20-K20-G20 -> 511 | K20: 0 | L20: =H20-K20 -> 604 | N20: =D20+E20 -> 604
A21: AS | B21: Matheesha Pathirana | C21: KKR | D21: 4 | E21: 4 | F21: 8 | G21: =H21-F21 -> 0 | H21: =N21 -> 8 | J21: =H21-K21-G21 -> 8 | K21: 0 | L21: =H21-K21 -> 8 | N21: =D21+E21 -> 8
A22: AS | B22: Nathan Ellis | C22: CSK | D22: 0 | E22: 0 | F22: 0 | G22: =H22-F22 -> 0 | H22: =N22 -> 0 | J22: =H22-K22-G22 -> 0 | K22: 0 | L22: =H22-K22 -> 0 | N22: =D22+E22 -> 0
A23: AS | B23: Yudhvir Singh | C23: RR | D23: 0 | E23: 0 | F23: 0 | G23: =H23-F23 -> 0 | H23: =N23 -> 0 | J23: =H23-K23-G23 -> 0 | K23: 0 | L23: =H23-K23 -> 0 | N23: =D23+E23 -> 0
A24: MC | B24: Ayush Mhatre | C24: CSK | D24: 0 | E24: 311 | F24: 311 | G24: =H24-F24 -> 0 | H24: =N24 -> 311 | I24: 1 311 | J24: OL SP PT | N24: =D24+E24 -> 311
A25: MC | B25: MS Dhoni | C25: CSK | D25: 0 | E25: 0 | F25: 0 | G25: =H25-F25 -> 0 | H25: =N25 -> 0 | I25: 2 | N25: =D25+E25 -> 0
A26: MC | B26: Mitchell Starc | C26: DC | D26: 53 | E26: 351 | F26: 404 | G26: =H26-F26 -> 0 | H26: =N26 -> 404 | I26: 3 | N26: =D26+E26 -> 404
A27: MC | B27: Glenn Phillips | C27: GT | D27: 0 | E27: 165 | F27: 165 | G27: =H27-F27 -> 0 | H27: =N27 -> 165 | I27: 4 | N27: =D27+E27 -> 165
A28: MC | B28: Sunil Narine | C28: KKR | D28: 137 | E28: 551 | F28: 688 | G28: =H28-F28 -> 0 | H28: =N28 -> 688 | I28: 5 | N28: =D28+E28 -> 688
A29: MC | B29: Ajinkya Rahane | C29: KKR | D29: 0 | E29: 550 | F29: 550 | G29: =H29-F29 -> 0 | H29: =N29 -> 550 | I29: 6 | N29: =D29+E29 -> 550
A30: MC | B30: Ayush Badoni | C30: LSG | D30: 0 | E30: 348 | F30: 348 | G30: =H30-F30 -> 0 | H30: =N30 -> 348 | I30: 7 | N30: =D30+E30 -> 348
A31: MC | B31: Hardik Pandya | C31: MI | D31: 41 | E31: 421 | F31: 462 | G31: =H31-F31 -> 0 | H31: =N31 -> 462 | I31: 8 | N31: =D31+E31 -> 462
A32: MC | B32: Suryakumar Yadav | C32: MI | D32: 0 | E32: 432 | F32: 432 | G32: =H32-F32 -> 0 | H32: =N32 -> 432 | I32: 9 | N32: =D32+E32 -> 432
A33: MC | B33: Rohit Sharma | C33: MI | D33: 0 | E33: 422 | F33: 422 | G33: =H33-F33 -> 0 | H33: =N33 -> 422 | I33: 10 | N33: =D33+E33 -> 422
A34: MC | B34: Priyansh Arya | C34: PBSK | D34: 0 | E34: 585 | F34: 585 | G34: =H34-F34 -> 0 | H34: =N34 -> 585 | I34: 11 | N34: =D34+E34 -> 585
A35: MC | B35: Phil Salt | C35: RCB | D35: 0 | E35: 348 | F35: 348 | G35: =H35-F35 -> 0 | H35: =N35 -> 348 | I35: 12 | N35: =D35+E35 -> 348
A36: MC | B36: Bhuvneshwar Kumar | C36: RCB | D36: 152 | E36: 899 | F36: 986 | G36: =H36-F36 -> 65 | H36: =N36 -> 1051 | I36: 13 | N36: =D36+E36 -> 1051
... A38: MC | B38: Shimron Hetmyer | C38: RR | D38: 0 | E38: 169 | F38: 169 | G38: =H38-F38 -> 0 | H38: =N38 -> 169 | I38: 15 | N38: =D38+E38 -> 169
A39: MC | B39: Sandeep Sharma | C39: RR | D39: 32 | E39: 161 | F39: 193 | G39: =H39-F39 -> 0 | H39: =N39 -> 193 | I39: 16 =29+163 | J39: =H39-K39-G39 -> 1 | K39: =29+163 -> 192 | L39: =H39-K39 -> 1 | N39: =D39+E39 -> 193
A40: MC | B40: Marco Jansen | C40: PBSK | D40: 86 | E40: 387 | F40: 473 | G40: =H40-F40 -> 0 | H40: =N40 -> 473 | J40: =H40-K40-G40 -> 473 | K40: 0 | L40: =H40-K40 -> 473 | N40: =D40+E40 -> 473
A41: OL | B41: Prashant Veer | C41: CSK | D41: 5 | E41: 134 | F41: 139 | G41: =H41-F41 -> 0 | H41: =N41 -> 139 | I41: 1 | J41: OL SP PT | N41: =D41+E41 -> 139
A42: OL | B42: Ruturaj Gaikwad | C42: CSK | D42: 0 | E42: 532 | F42: 532 | G42: =H42-F42 -> 0 | H42: =N42 -> 532 | I42: 2 | N42: =D42+E42 -> 532
A43: OL | B43: Axar Patel | C43: DC | D43: 82 | E43: 642 | F43: 724 | G43: =H43-F43 -> 0 | H43: =N43 -> 724 | I43: 3 | N43: =D43+E43 -> 724
A44: OL | B44: Abishek Porel | C44: DC | D44: 0 | E44: 157 | F44: 157 | G44: =H44-F44 -> 0 | H44: =N44 -> 157 | I44: 4 | N44: =D44+E44 -> 157
A45: OL | B45: KL Rahul | C45: DC | D45: 0 | E45: 903 | F45: 903 | G45: =H45-F45 -> 0 | H45: =N45 -> 903 | I45: 5 | N45: =D45+E45 -> 903
A46: OL | B46: Rashid Khan | C46: GT | D46: 117 | E46: 757 | F46: 792 | G46: =H46-F46 -> 82 | H46: =N46 -> 874 | I46: 6 | N46: =D46+E46 -> 874
A47: OL | B47: Cameron Green | C47: KKR | D47: 47 | E47: 705 | F47: 752 | G47: =H47-F47 -> 0 | H47: =N47 -> 752 | I47: 7 | N47: =D47+E47 -> 752
A48: OL | B48: Varun Chakaravarthy | C48: KKR | D48: 80 | E48: 353 | F48: 433 | G48: =H48-F48 -> 0 | H48: =N48 -> 433 | I48: 8 | N48: =D48+E48 -> 433
A49: OL | B49: Digvesh Singh | C49: LSG | D49: 56 | E49: 189 | F49: 245 | G49: =H49-F49 -> 0 | H49: =N49 -> 245 | I49: 9 | N49: =D49+E49 -> 245
A50: OL | B50: Rishabh Pant | C50: LSG | D50: 0 | E50: 560 | F50: 560 | G50: =H50-F50 -> 0 | H50: =N50 -> 560 | I50: 10 | N50: =D50+E50 -> 560
A51: OL | B51: Arshdeep Singh | C51: PBSK | D51: 109 | E51: 427 | F51: 536 | G51: =H51-F51 -> 0 | H51: =N51 -> 536 | I51: 11 | N51: =D51+E51 -> 536
A52: OL | B52: Krunal Pandya | C52: RCB | D52: 88 | E52: 748 | F52: 795 | G52: =H52-F52 -> 41 | H52: =N52 -> 836 | I52: 12 | N52: =D52+E52 -> 836
A53: OL | B53: Rajat Patidar | C53: RCB | D53: 0 | E53: 845 | F53: 807 | G53: =H53-F53 -> 38 | H53: =N53 -> 845 | I53: 13 | N53: =D53+E53 -> 845
... A55: OL | B55: Travis Head | C55: SRH | D55: 2 | E55: 651 | F55: 653 | G55: =H55-F55 -> 0 | H55: =N55 -> 653 | I55: 15 | N55: =D55+E55 -> 653
A56: OL | B56: Nitish Kumar Reddy | C56: SRH | D56: 57 | E56: 741 | F56: 798 | G56: =H56-F56 -> 0 | H56: =N56 -> 798 | J56: =H56-K56-G56 -> 798 | K56: 0 | L56: =H56-K56 -> 798 | N56: =D56+E56 -> 798
A57: OL | B57: Naman Dhir | C57: MI | D57: 0 | E57: 553 | F57: 553 | G57: =H57-F57 -> 0 | H57: =N57 -> 553 | J57: =H57-K57-G57 -> 553 | K57: 0 | L57: =H57-K57 -> 553 | N57: =D57+E57 -> 553
A58: OL | B58: Finn Allen | C58: KKR | D58: 0 | E58: 552 | F58: 552 | G58: =H58-F58 -> 0 | H58: =N58 -> 552 | J58: =H58-K58-G58 -> 552 | K58: 0 | L58: =H58-K58 -> 552 | N58: =D58+E58 -> 552
A59: OL | B59: Rahul Tewatia | C59: GT | D59: 0 | E59: 320 | F59: 308 | G59: =H59-F59 -> 12 | H59: =N59 -> 320 | J59: =H59-K59-G59 -> 308 | K59: 0 | L59: =H59-K59 -> 320 | N59: =D59+E59 -> 320
A60: OL | B60: Jason Holder | C60: GT | D60: 94 | E60: 675 | F60: 752 | G60: =H60-F60 -> 17 | H60: =N60 -> 769 | J60: =H60-K60-G60 -> 752 | K60: 0 | L60: =H60-K60 -> 769 | N60: =D60+E60 -> 769
A61: PA | B61: Dewald Brevis | C61: CSK | D61: 0 | E61: 357 | F61: 357 | G61: =H61-F61 -> 0 | H61: =N61 -> 357 | I61: 1 | J61: OL SP PT | N61: =D61+E61 -> 357
A62: PA | B62: Noor Ahmad | C62: CSK | D62: 94 | E62: 426 | F62: 520 | G62: =H62-F62 -> 0 | H62: =N62 -> 520 | I62: 2 | N62: =D62+E62 -> 520
A63: PA | B63: Auqib Nabi | C63: DC | D63: 26 | E63: 30 | F63: 56 | G63: =H63-F63 -> 0 | H63: =N63 -> 56 | I63: 3 | N63: =D63+E63 -> 56
A64: PA | B64: Jos Buttler | C64: GT | D64: 0 | E64: 1037 | F64: 1005 | G64: =H64-F64 -> 32 | H64: =N64 -> 1037 | I64: 4 | N64: =D64+E64 -> 1037
A65: PA | B65: Prasidh Krishna | C65: GT | D65: 79 | E65: 493 | F65: 565 | G65: =H65-F65 -> 7 | H65: =N65 -> 572 | I65: 5 | N65: =D65+E65 -> 572
A66: PA | B66: Vaibhav Arora | C66: KKR | D66: 75 | E66: 330 | F66: 405 | G66: =H66-F66 -> 0 | H66: =N66 -> 405 | I66: 6 | N66: =D66+E66 -> 405
A67: PA | B67: Aiden Markram | C67: LSG | D67: 8 | E67: 423 | F67: 431 | G67: =H67-F67 -> 0 | H67: =N67 -> 431 | I67: 7 | N67: =D67+E67 -> 431
A68: PA | B68: Will Jacks | C68: MI | D68: 20 | E68: 287 | F68: 307 | G68: =H68-F68 -> 0 | H68: =N68 -> 307 | I68: 8 | N68: =D68+E68 -> 307
A69: PA | B69: Nehal Wadhera | C69: PBSK | D69: 0 | E69: 127 | F69: 127 | G69: =H69-F69 -> 0 | H69: =N69 -> 127 | I69: 9 | N69: =D69+E69 -> 127
A70: PA | B70: Shreyas Iyer | C70: PBSK | D70: 0 | E70: 815 | F70: 815 | G70: =H70-F70 -> 0 | H70: =N70 -> 815 | I70: 10 | N70: =D70+E70 -> 815
A71: PA | B71: Devdutt Padikkal | C71: RCB | D71: 0 | E71: 835 | F71: 822 | G71: =H71-F71 -> 13 | H71: =N71 -> 835 | I71: 11 | N71: =D71+E71 -> 835
A72: PA | B72: Virat Kohli | C72: RCB | D72: 0 | E72: 1060 | F72: 952 | G72: =H72-F72 -> 108 | H72: =N72 -> 1060 | I72: 12 | N72: =D72+E72 -> 1060
A73: PA | B73: Riyan Parag | C73: RR | D73: 5 | E73: 559 | F73: 564 | G73: =H73-F73 -> 0 | H73: =N73 -> 564 | I73: 13 | N73: =D73+E73 -> 564
... A75: PA | B75: Heinrich Klaasen | C75: SRH | D75: 0 | E75: 1016 | F75: 1016 | G75: =H75-F75 -> 0 | H75: =N75 -> 1016 | I75: 15 | N75: =D75+E75 -> 1016
A76: PA | B76: Nitish Rana | C76: DC | D76: 7 | E76: 374 | F76: 381 | G76: =H76-F76 -> 0 | H76: =N76 -> 381 | J76: =H76-K76-G76 -> 381 | K76: 0 | L76: =H76-K76 -> 381 | N76: =D76+E76 -> 381
A77: PA | B77: Trent Boult | C77: MI | D77: 25 | E77: 84 | F77: 109 | G77: =H77-F77 -> 0 | H77: =N77 -> 109 | J77: =H77-K77-G77 -> 109 | K77: 0 | L77: =H77-K77 -> 109 | N77: =D77+E77 -> 109
A78: PA | B78: Venkatesh Iyer | C78: RCB | D78: 0 | E78: 332 | F78: 278 | G78: =H78-F78 -> 54 | H78: =N78 -> 332 | J78: =H78-K78-G78 -> 278 | K78: 0 | L78: =H78-K78 -> 332 | N78: =D78+E78 -> 332
A79: PA | B79: yash Dayal | C79: RCB | D79: 0 | E79: 0 | F79: 0 | G79: =H79-F79 -> 0 | H79: =N79 -> 0 | J79: =H79-K79-G79 -> 0 | K79: 0 | L79: =H79-K79 -> 0 | N79: =D79+E79 -> 0
A80: PA | B80: Shardul Thakur | C80: MI | D80: 36 | E80: 366 | F80: 402 | G80: =H80-F80 -> 0 | H80: =N80 -> 402 | J80: =H80-K80-G80 -> 402 | K80: 0 | L80: =H80-K80 -> 402 | N80: =D80+E80 -> 402
A81: PA | B81: Rahul Chahar | C81: CSK | D81: 4 | E81: 8 | F81: 12 | G81: =H81-F81 -> 0 | H81: =N81 -> 12 | J81: =H81-K81-G81 -> 12 | K81: 0 | L81: =H81-K81 -> 12 | N81: =D81+E81 -> 12
A82: HW | B82: Khaleel Ahmed | C82: CSK | D82: 43 | E82: 70 | F82: 113 | G82: =H82-F82 -> 0 | H82: =N82 -> 113 | I82: 1 | J82: OL SP PT | N82: =D82+E82 -> 113
A83: HW | B83: Tristan Stubbs | C83: DC | D83: 0 | E83: 459 | F83: 459 | G83: =H83-F83 -> 0 | H83: =N83 -> 459 | I83: 2 | N83: =D83+E83 -> 459
A84: HW | B84: Kuldeep Yadav | C84: DC | D84: 61 | E84: 327 | F84: 388 | G84: =H84-F84 -> 0 | H84: =N84 -> 388 | I84: 3 | N84: =D84+E84 -> 388
A85: HW | B85: Shubman Gill | C85: GT | D85: 0 | E85: 1178 | F85: 1162 | G85: =H85-F85 -> 16 | H85: =N85 -> 1178 | I85: 4 | N85: =D85+E85 -> 1178
A86: HW | B86: Mohammed Siraj | C86: GT | D86: 172 | E86: 603 | F86: 736 | G86: =H86-F86 -> 39 | H86: =N86 -> 775 | I86: 5 | N86: =D86+E86 -> 775
A87: HW | B87: Angkrish Raghuvanshi | C87: KKR | D87: 0 | E87: 676 | F87: 676 | G87: =H87-F87 -> 0 | H87: =N87 -> 676 | I87: 6 | N87: =D87+E87 -> 676
A88: HW | B88: Mitchell Marsh | C88: LSG | D88: 0 | E88: 854 | F88: 854 | G88: =H88-F88 -> 0 | H88: =N88 -> 854 | I88: 7 | N88: =D88+E88 -> 854
A89: HW | B89: Nicholas Pooran | C89: LSG | D89: 0 | E89: 425 | F89: 425 | G89: =H89-F89 -> 0 | H89: =N89 -> 425 | I89: 8 | N89: =D89+E89 -> 425
A90: HW | B90: Marcus Stoinis | C90: PBSK | D90: 10 | E90: 405 | F90: 415 | G90: =H90-F90 -> 0 | H90: =N90 -> 415 | I90: 9 | N90: =D90+E90 -> 415
A91: HW | B91: Prabhsimran Singh | C91: PBSK | D91: 0 | E91: 831 | F91: 831 | G91: =H91-F91 -> 0 | H91: =N91 -> 831 | I91: 10 | N91: =D91+E91 -> 831
A92: HW | B92: Shashank Singh | C92: PBSK | D92: 17 | E92: 333 | F92: 350 | G92: =H92-F92 -> 0 | H92: =N92 -> 350 | I92: 11 | N92: =D92+E92 -> 350
A93: HW | B93: Jitesh Sharma | C93: RCB | D93: 0 | E93: 357 | F93: 321 | G93: =H93-F93 -> 36 | H93: =N93 -> 357 | I93: 12 | N93: =D93+E93 -> 357
A94: HW | B94: Jofra Archer | C94: RR | D94: 158 | E94: 925 | F94: 1083 | G94: =H94-F94 -> 0 | H94: =N94 -> 1083 | I94: 13 | N94: =D94+E94 -> 1083
... A96: HW | B96: Mohammad Shami | C96: LSG | D96: 132 | E96: 411 | F96: 543 | G96: =H96-F96 -> 0 | H96: =N96 -> 543 | I96: 15 | N96: =D96+E96 -> 543
A97: HW | B97: Kagiso Rabada | C97: GT | D97: 172 | E97: 937 | F97: 1060 | G97: =H97-F97 -> 49 | H97: =N97 -> 1109 | I97: 16 | J97: =H97-K97-G97 -> 886 | K97: =140+34 -> 174 | L97: =H97-K97 -> 935 | N97: =D97+E97 -> 1109
A98: HW | B98: Rinku Singh | C98: KKR | D98: 0 | E98: 536 | F98: 536 | G98: =H98-F98 -> 0 | H98: =N98 -> 536 | J98: =H98-K98-G98 -> 536 | K98: 0 | L98: =H98-K98 -> 536 | N98: =D98+E98 -> 536
A99: HW | B99: Kartik Sharma | C99: CSK | D99: 0 | E99: 439 | F99: 439 | G99: =H99-F99 -> 0 | H99: =N99 -> 439 | J99: =H99-K99-G99 -> 439 | K99: 0 | L99: =H99-K99 -> 439 | N99: =D99+E99 -> 439
A100: HW | B100: Ashutosh Sharma | C100: DC | D100: 0 | E100: 286 | F100: 286 | G100: =H100-F100 -> 0 | H100: =N100 -> 286 | J100: =H100-K100-G100 -> 286 | K100: 0 | L100: =H100-K100 -> 286 | N100: =D100+E100 -> 286
A101: HW | B101: Corbin Bosch | C101: MI | D101: 46 | E101: 461 | F101: 507 | G101: =H101-F101 -> 0 | H101: =N101 -> 507 | J101: =H101-K101-G101 -> 507 | K101: 0 | L101: =H101-K101 -> 507 | N101: =D101+E101 -> 507
A102: HW | B102: Tim David | C102: RCB | D102: 1 | E102: 509 | F102: 475 | G102: =H102-F102 -> 35 | H102: =N102 -> 510 | J102: =H102-K102-G102 -> 475 | K102: 0 | L102: =H102-K102 -> 510 | N102: =D102+E102 -> 510
A103: HW | B103: Cooper Connolly | C103: PBSK | D103: 0 | E103: 790 | F103: 790 | G103: =H103-F103 -> 0 | H103: =N103 -> 790 | J103: =H103-K103-G103 -> 790 | K103: 0 | L103: =H103-K103 -> 790 | N103: =D103+E103 -> 790
A104: HW | B104: Liam Livingstone | C104: SRH | D104: 0 | E104: 57 | F104: 57 | G104: =H104-F104 -> 0 | H104: =N104 -> 57 | J104: =H104-K104-G104 -> 57 | K104: 0 | L104: =H104-K104 -> 57 | N104: =D104+E104 -> 57
A105: HW | B105: Vijaykumar Vyshak | C105: PBSK | D105: 0 | E105: 267 | F105: 267 | G105: =H105-F105 -> 0 | H105: =N105 -> 267 | J105: =H105-K105-G105 -> 267 | K105: 0 | L105: =H105-K105 -> 267 | N105: =D105+E105 -> 267
A106: HW | B106: Suyash Sharma | C106: RCB | D106: 73 | E106: 277 | F106: 350 | G106: =H106-F106 -> 0 | H106: =N106 -> 350 | J106: =H106-K106-G106 -> 350 | K106: 0 | L106: =H106-K106 -> 350 | N106: =D106+E106 -> 350
...

Sheet Data
A1: Team | B1: Past Pt | C1: 46126 | D1: 46127 | E1: 46128 | F1: 46129 | G1: 46130 | H1: 46131 | I1: 46132 | J1: 46133 | K1: 46134 | L1: 46135 | M1: 46136 | N1: 46137 | O1: 46138 | P1: 46139 | Q1: 46140 | R1: 46141 | S1: 46142 | T1: 46143 | U1: 46144 | V1: 46145 | W1: 46146 | X1: 46147 | Y1: 46148 | Z1: 46149 | AA1: 46150 | AB1: 46151 | AC1: 46152 | AD1: 46153 | AE1: 46154 | AF1: 46155 | AG1: 46156 | AH1: 46157 | AI1: 46158 | AJ1: 46159 | AK1: 46160 | AL1: 46161 | AM1: 46162 | AN1: 46163 | AO1: 46164 | AP1: 46165 | AQ1: 46166 | AR1: 46167 | AS1: 46168 | AT1: 46169 | AU1: 46170 | AV1: 46171 | AW1: 46172 | AX1: 46173
A2: HW | B2: 8898 | C2: 81 | D2: 64 | E2: 153 | F2: 326 | G2: 155 | H2: =B31-B30 -> 310 | I2: =B32-B31 -> 181 | J2: 41 | K2: 371 | L2: 0 | M2: 91 | N2: 320 | O2: 259 | P2: 17 | Q2: =B40-B39 -> 125 | R2: 0 | S2: 149 | T2: 139 | U2: 0 | V2: 352 | W2: 105 | X2: 58 | Y2: 52 | Z2: 239 | AA2: 29 | AB2: 318 | AC2: 31 | AD2: 77 | AE2: 190 | AF2: 100 | AG2: 89 | AH2: 237 | AI2: 299 | AJ2: 140 | AK2: 0 | AL2: 212 | AM2: 12 | AN2: 317 | AO2: 0 | AP2: 196 | AQ2: 193 | AR2: 0 | AS2: 89 | AT2: 198 | AU2: 0 | AV2: 370 | AW2: 0 | AX2: 104
A3: MC | B3: 6111 | C3: 182 | D3: 204 | E3: 42 | F3: 81 | G3: 264 | H3: =C31-C30 -> 274 | I3: =C32-C31 -> 99 | J3: 0 | K3: 12 | L3: 52 | M3: 79 | N3: 69 | O3: 106 | P3: 253 | Q3: =C40-C39 -> 46 | R3: 99 | S3: 132 | T3: 0 | U3: 61 | V3: 153 | W3: 148 | X3: 0 | Y3: 5 | Z3: 44 | AA3: 85 | AB3: 4 | AC3: 226 | AD3: 107 | AE3: 0 | AF3: 172 | AG3: 71 | AH3: 0 | AI3: 86 | AJ3: 256 | AK3: 0 | AL3: 15 | AM3: 177 | AN3: 0 | AO3: 6 | AP3: 70 | AQ3: 357 | AR3: 0 | AS3: 142 | AT3: 0 | AU3: 0 | AV3: 0 | AW3: 0 | AX3: 134
A4: OL | B4: 8180 | C4: 29 | D4: 129 | E4: 108 | F4: 159 | G4: 331 | H4: =D31-D30 -> 282 | I4: =D32-D31 -> 13 | J4: 137 | K4: 54 | L4: 35 | M4: 113 | N4: 296 | O4: 310 | P4: 54 | Q4: =D40-D39 -> 128 | R4: 114 | S4: 143 | T4: 164 | U4: 98 | V4: 343 | W4: 26 | X4: 94 | Y4: 94 | Z4: 253 | AA4: 184 | AB4: 171 | AC4: 215 | AD4: 181 | AE4: 34 | AF4: 69 | AG4: 22 | AH4: 23 | AI4: 126 | AJ4: 219 | AK4: 30 | AL4: 140 | AM4: 93 | AN4: 126 | AO4: 224 | AP4: 36 | AQ4: 298 | AR4: 0 | AS4: 292 | AT4: 62 | AU4: 0 | AV4: 4 | AW4: 0 | AX4: 161
A5: AS | B5: 8125 | C5: 104 | D5: 21 | E5: 132 | F5: 33 | G5: 150 | H5: =E31-E30 -> 164 | I5: =E32-E31 -> 205 | J5: 246 | K5: 134 | L5: 260 | M5: 151 | N5: 368 | O5: 358 | P5: 2 | Q5: =E40-E39 -> 155 | R5: 100 | S5: 120 | T5: 9 | U5: 30 | V5: 172 | W5: 48 | X5: 122 | Y5: 192 | Z5: 38 | AA5: 0 | AB5: 140 | AC5: 242 | AD5: 12 | AE5: 146 | AF5: 0 | AG5: 155 | AH5: 80 | AI5: 83 | AJ5: 137 | AK5: 330 | AL5: 176 | AM5: 24 | AN5: 199 | AO5: 218 | AP5: 64 | AQ5: 39 | AR5: 0 | AS5: 35 | AT5: 252 | AU5: 0 | AV5: 222 | AW5: 0 | AX5: 30
A6: PA | B6: 7759 | C6: 208 | D6: 108 | E6: 97 | F6: 160 | G6: 202 | H6: =F31-F30 -> 144 | I6: =F32-F31 -> 37 | J6: 60 | K6: 46 | L6: 109 | M6: 246 | N6: 217 | O6: 244 | P6: 109 | Q6: =F40-F39 -> 110 | R6: 114 | S6: 199 | T6: 126 | U6: 85 | V6: 168 | W6: 50 | X6: 72 | Y6: 114 | Z6: 64 | AA6: 34 | AB6: 30 | AC6: 130 | AD6: 86 | AE6: 158 | AF6: 212 | AG6: 62 | AH6: 65 | AI6: 82 | AJ6: 272 | AK6: 171 | AL6: 0 | AM6: 24 | AN6: 140 | AO6: 145 | AP6: 156 | AQ6: 110 | AR6: 0 | AS6: 216 | AT6: 82 | AU6: 0 | AV6: 98 | AW6: 0 | AX6: 160
G7: Days Completed
A8: Data | G8: 65
A9: Date | B9: HW | C9: MC | D9: OL | E9: AS | F9: PA
A10: 46108 | B10: 70 | C10: 60 | D10: 30 | E10: 100 | F10: 80
A11: 46109 | B11: 100 | C11: 110 | D11: 70 | E11: 190 | F11: 180
A12: 46110 | B12: 150 | C12: 290 | D12: 100 | E12: 300 | F12: 240
A13: 46111 | B13: 229 | C13: 399 | D13: 166 | E13: 412 | F13: 337
A14: 46113 | B14: 590 | C14: 448 | D14: 290 | E14: 540 | F14: 552
A15: 46114 | B15: 670 | C15: 488 | D15: 388 | E15: 651 | F15: 683
A16: 46116 | B16: 824 | C16: 839 | D16: 516 | E16: 1033 | F16: 919
A17: 46117 | B17: 844 | C17: 839 | D17: 627 | E17: 1060 | F17: 919
A18: 46118 | B18: 911 | C18: 1015 | D18: 967 | E18: 1165 | F18: 1249
A19: 46119 | B19: 946 | C19: 1028 | D19: 980 | E19: 1169 | F19: 1261
A20: 46120 | B20: 999 | C20: 1082 | D20: 1101 | E20: 1334 | F20: 1296
A21: 46121 | B21: 1323 | C21: 1290 | D21: 1442 | E21: 1372 | F21: 1541
... A25: 46125 | B25: 2192 | C25: 1932 | D25: 2124 | E25: 2257 | F25: 2397
A26: 46126 | B26: =C2+B25 -> 2273 | C26: =C3+C25 -> 2114 | D26: =C4+D25 -> 2153 | E26: =C5+E25 -> 2361 | F26: =C6+F25 -> 2605
A27: 46127 | B27: 2337 | C27: 2318 | D27: 2282 | E27: 2382 | F27: 2713
A28: 46128 | B28: 2490 | C28: 2360 | D28: 2390 | E28: 2514 | F28: 2810
A29: 46129 | B29: 2816 | C29: 2441 | D29: 2549 | E29: 2547 | F29: 2970
A30: 46130 | B30: 2992 | C30: 2705 | D30: 2880 | E30: 2697 | F30: 3172
A31: 46131 | B31: 3302 | C31: 2979 | D31: 3162 | E31: 2861 | F31: 3316
A32: 46132 | B32: 3483 | C32: 3078 | D32: 3175 | E32: 3066 | F32: 3353
A33: 46133 | B33: 3524 | C33: 3078 | D33: 3312 | E33: 3312 | F33: 3413
A34: 46134 | B34: 3895 | C34: 3090 | D34: 3366 | E34: 3446 | F34: 3459
A35: 46135 | B35: 3895 | C35: 3142 | D35: 3401 | E35: 3706 | F35: 3568
A36: 46136 | B36: 3986 | C36: 3221 | D36: 3514 | E36: 3857 | F36: 3814
A37: 46137 | B37: 4306 | C37: 3290 | D37: 3810 | E37: 4225 | F37: 4031
A38: 46138 | B38: 4565 | C38: 3396 | D38: 4120 | E38: 4583 | F38: 4275
... A42: 46142 | B42: 4856 | C42: 3926 | D42: 4559 | E42: 4960 | F42: 4807
A43: 46143 | B43: 4995 | C43: 3926 | D43: 4723 | E43: 4969 | F43: 4933 | G43: 4 | H43: March
A44: 46144 | B44: 4995 | C44: 3987 | D44: 4821 | E44: 4999 | F44: 5018 | G44: 30 | H44: April
A45: 46145 | B45: 5347 | C45: 4140 | D45: 5164 | E45: 5171 | F45: 5186 | G45: =G8-G44-G43 -> 31 | H45: May
A46: 46146 | B46: 5452 | C46: 4288 | D46: 5190 | E46: 5219 | F46: 5236 | G46: =SUM(G43:G45) -> 65 | H46: Total Days
A47: 46147 | B47: 5510 | C47: 4288 | D47: 5284 | E47: 5341 | F47: 5308 | H47: Key Turning Points
A48: 46148 | B48: 5562 | C48: 4293 | D48: 5378 | E48: 5533 | F48: 5422
A49: 46149 | B49: 5801 | C49: 4337 | D49: 5631 | E49: 5571 | F49: 5486 | H49: 1. 1 April – Himanshu Warriors' Breakthrough
A50: 46150 | B50: 5830 | C50: 4422 | D50: 5815 | E50: 5571 | F50: 5520 | H50: A massive scoring day propelled Himanshu Warriors from the chasing pack into first place for the first time.
A51: 46151 | B51: 6148 | C51: 4426 | D51: 5986 | E51: 5711 | F51: 5550
A52: 46152 | B52: 6179 | C52: 4652 | D52: 6201 | E52: 5953 | F52: 5680 | H52: 2. 4 April – Abhishek Strikers Reclaim Control
A53: 46153 | B53: 6256 | C53: 4759 | D53: 6382 | E53: 5965 | F53: 5766 | H53: A huge jump restored Abhishek Strikers to the top and began their longest leadership spell.
A54: 46154 | B54: 6446 | C54: 4759 | D54: 6416 | E54: 6111 | F54: 5924
A55: 46155 | B55: 6546 | C55: 4931 | D55: 6485 | E55: 6111 | F55: 6136 | H55: 3. 12 April – Pranav Astra Takes Over
A56: 46156 | B56: 6635 | C56: 5002 | D56: 6507 | E56: 6266 | F56: 6198 | H56: Pranav Astra overtook everyone and launched the tournament's longest sustained period of dominance.
A57: 46157 | B57: 6872 | C57: 5002 | D57: 6530 | E57: 6346 | F57: 6263
A58: 46158 | B58: 7171 | C58: 5088 | D58: 6656 | E58: 6429 | F58: 6345 | H58: 4. 26 April – Abhishek Strikers' Comeback
A59: 46159 | B59: 7311 | C59: 5344 | D59: 6875 | E59: 6566 | F59: 6617 | H59: After trailing for nearly two weeks, Abhishek Strikers fought back and briefly reclaimed first.
A60: 46160 | B60: 7311 | C60: 5344 | D60: 6905 | E60: 6896 | F60: 6788
A61: 46161 | B61: 7523 | C61: 5359 | D61: 7045 | E61: 7072 | F61: 6788 | H61: 5. 28 April – Himanshu Warriors Become Permanent Leaders
A62: 46162 | B62: 7535 | C62: 5536 | D62: 7138 | E62: 7096 | F62: 6812 | H62: This was arguably the championship-defining moment. Once Himanshu Warriors took the lead, they never surrendered it.
A63: 46163 | B63: 7852 | C63: 5536 | D63: 7264 | E63: 7295 | F63: 6952
A64: 46164 | B64: 7852 | C64: 5542 | D64: 7488 | E64: 7513 | F64: 7097 | H64: 6. Mid-May – Onkar Legends' Rise
A65: 46165 | B65: 8048 | C65: 5612 | D65: 7524 | E65: 7577 | F65: 7253 | H65: After spending much of the tournament outside first place, Onkar Legends surged into a strong second-place position and became the biggest threat to Himanshu Warriors.
A66: 46166 | B66: 8241 | C66: 5969 | D66: 7822 | E66: 7616 | F66: 7363
A67: 46167 | B67: 8241 | C67: 5969 | D67: 7822 | E67: 7616 | F67: 7363
A68: 46168 | B68: 8330 | C68: 6111 | D68: 8114 | E68: 7651 | F68: 7579
A69: 46169 | B69: 8528 | C69: 6111 | D69: 8176 | E69: 7903 | F69: 7661
A70: 46170 | B70: 8528 | C70: 6111 | D70: 8176 | E70: 7903 | F70: 7661
A71: 46171 | B71: 8898 | C71: 6111 | D71: 8180 | E71: 8125 | F71: 7759
A72: 46172 | B72: 8898 | C72: 6111 | D72: 8180 | E72: 8125 | F72: 7759
A73: 46173 | B73: 9002 | C73: 6245 | D73: 8341 | E73: 8155 | F73: 7919

Sheet SOLD Players
A1: SR NO. | B1: Name | C1: Type | D1: Overseas | E1: Wicketkeeper | F1: Capped/Uncapped | G1: Bid Taken | H1: Opted by | I1: Team
A2: 1 | B2: Vyshak Vijaykumar | C2: Bowler | F2: Uncapped | G2: 0.3 | H2: Himanshu Warriors | I2: PBSK
A3: 2 | B3: Rasikh Dar | C3: Bowler | F3: Uncapped | G3: 0.3 | H3: Abhishek Strikers | I3: RCB
A4: 3 | B4: Nehal Wadhera | C4: Batter | F4: Uncapped | G4: 7.05 | H4: Pranav Astra | I4: PBSK
A5: 4 | B5: Prashant Veer | C5: All-Rounder | F5: Uncapped | G5: 3.05 | H5: Onkar Legends | I5: CSK
A6: 5 | B6: Ayush Mhatre | C6: Batter | F6: Uncapped | G6: 6.55 | H6: Mehul Challengers | I6: CSK
A7: 6 | B7: Vaibhav Arora | C7: Bowler | F7: Uncapped | G7: 4.05 | H7: Pranav Astra | I7: KKR
A8: 7 | B8: Yudhvir Singh | C8: All-rounder | F8: Uncapped | G8: 0.3 | H8: Abhishek Strikers | I8: RR
A9: 8 | B9: Tristan Stubbs | C9: Batter | F9: Capped | G9: 3.25 | H9: Himanshu Warriors | I9: DC
A10: 9 | B10: Naman Dhir | C10: Batter | F10: Uncapped | G10: 2.8 | H10: Onkar Legends | I10: MI
A11: 10 | B11: Suyash Sharma | C11: Bowler | F11: Uncapped | G11: 1.3 | H11: Himanshu Warriors | I11: RCB
A12: 11 | B12: Harpreet Brar | C12: All-Rounder | F12: Uncapped | G12: 0.3 | H12: Abhishek Strikers | I12: PBSK
A13: 12 | B13: Auqib Nabi | C13: All-rounder | F13: Uncapped | G13: 0.3 | H13: Pranav Astra | I13: DC
... A104: 103 | B104: Shimron Hetmyer | C104: Batter | F104: Capped | G104: 0.75 | H104: Mehul Challengers | I104: RR

Sheet IPLMaster
A1: Sr. No. | B1: Name | C1: Base Price | D1: Capped/Uncapped | E1: Type | F1: Overseas | G1: Wicketkeeper | H1: Team
A2: 1 | B2: Noor Ahmad | C2: ₹ 2,00,00,000 | D2: Capped | E2: Bowler | F2: Yes | G2: No | H2: CSK
A3: 2 | B3: Anshul Kamboj | C3: ₹ 30,00,000 | D3: Uncapped | E3: Batter | F3: No | G3: No | H3: CSK
A4: 3 | B4: Nathan Ellis | C4: ₹ 1,25,00,000 | D4: Capped | E4: Bowler | F4: Yes | G4: No | H4: CSK
A5: 4 | B5: Jamie Overton | C5: ₹ 1,50,00,000 | D5: Capped | E5: All-Rounder | F5: Yes | G5: No | H5: CSK
A6: 5 | B6: Shreyas Gopal | C6: ₹ 30,00,000 | D6: Uncapped | E6: Bowler | F6: No | G6: No | H6: CSK
A7: 6 | B7: Mukesh Choudhary | C7: ₹ 30,00,000 | D7: Uncapped | E7: Bowler | F7: No | G7: No | H7: CSK
A8: 7 | B8: Ruturaj Gaikwad | C8: ₹ 1,50,00,000 | D8: Capped | E8: Batter | F8: No | G8: No | H8: CSK
A9: 8 | B9: Shivam Dube | C9: ₹ 50,00,000 | D9: Capped | E9: All-Rounder | F9: No | G9: No | H9: CSK
A10: 9 | B10: MS Dhoni | C10: ₹ 2,00,00,000 | D10: Uncapped | E10: Batter | F10: No | G10: Yes | H10: CSK
A11: 10 | B11: Sanju Samson | C11: ₹ 2,00,00,000 | D11: Capped | E11: Batter | F11: No | G11: Yes | H11: CSK
A12: 11 | B12: Kartik Sharma | C12: ₹ 30,00,000 | D12: Uncapped | E12: Batter | F12: No | G12: No | H12: CSK
A13: 12 | B13: Prashant Veer | C13: ₹ 30,00,000 | D13: Uncapped | E13: All-Rounder | F13: No | G13: No | H13: CSK
... A251: 248 | B251: Praful Hinge | C251: ₹ 30,00,000 | D251: Uncapped | E251: Bowler | F251: No | G251: No | H251: SRH

Sheet Extra
A2: Extras
A4: Sr. No | B4: Player Name | C4: Old Pts | D4: Match Pts | E4: Pts | F4: IPL
A5: 1 | B5: Ashutosh Sharma | C5: =Points!F100 -> 286 | D5: =Points!G100 -> 0 | E5: =Points!H100 -> 286 | F5: DC
A6: 2 | B6: Ben Duckett | C6: 0 | D6: 0 | E6: 0 | F6: DC
A7: 3 | B7: Corbin Bosch | C7: =Points!F101 -> 507 | D7: =Points!G101 -> 0 | E7: =Points!H101 -> 507 | F7: MI
A8: 4 | B8: Tim David | C8: =Points!F102 -> 475 | D8: =Points!G102 -> 35 | E8: =Points!H102 -> 510 | F8: RCB
A9: 5 | B9: Cooper Connolly | C9: =Points!F103 -> 790 | D9: =Points!G103 -> 0 | E9: =Points!H103 -> 790 | F9: PBSK
A10: 6 | B10: Liam Livingstone | C10: =Points!F104 -> 57 | D10: =Points!G104 -> 0 | E10: =Points!H104 -> 57 | F10: SRH
A11: 7 | B11: Vijaykumar Vyshak | C11: =Points!F105 -> 267 | D11: =Points!G105 -> 0 | E11: =Points!H105 -> 267 | F11: PBSK
A12: 8 | B12: Suyash Sharma | C12: =Points!F106 -> 350 | D12: =Points!G106 -> 0 | E12: =Points!H106 -> 350 | F12: RCB
A13: 9 | B13: David Miller | C13: =Points!F107 -> 384 | D13: =Points!G107 -> 0 | E13: =Points!H107 -> 384 | F13: DC
A14: 10 | B14: Rahul Tewatia | C14: =Points!F59 -> 308 | D14: =Points!G59 -> 12 | E14: =Points!H59 -> 320 | F14: GT
A15: 11 | B15: Jason Holder | C15: =Points!F60 -> 752 | D15: =Points!G60 -> 17 | E15: =Points!H60 -> 769 | F15: GT
A16: 12 | B16: Yudhvir Singh | C16: =Points!F23 -> 0 | D16: =Points!G23 -> 0 | E16: =Points!H23 -> 0 | F16: RR
A17: 13 | B17: Yash Dayal | C17: =Points!F79 -> 0 | D17: =Points!G79 -> 0 | E17: =Points!H79 -> 0 | F17: RCB
A18: 14 | B18: Shardul Thakur | C18: =Points!F80 -> 402 | D18: =Points!G80 -> 0 | E18: =Points!H80 -> 402 | F18: MI
A19: 15 | B19: Rahul Chahar | C19: =Points!F81 -> 12 | D19: =Points!G81 -> 0 | E19: =Points!H81 -> 12 | F19: CSK
A20: 16 | B20: Nitish Rana | C20: =Points!F76 -> 381 | D20: =Points!G76 -> 0 | E20: =Points!H76 -> 381 | F20: DC
A21: 17 | B21: Kagiso Rabada | C21: =Points!L97 -> 935 | D21: =Points!G97 -> 49 | E21: =Points!H97 -> 1109 | F21: GT
A22: 18 | B22: Marco Jansen | C22: =Points!F40 -> 473 | D22: =Points!G40 -> 0 | E22: =Points!H40 -> 473 | F22: PBSK
A23: 19 | B23: Kartik Sharma | C23: =Points!F99 -> 439 | D23: =Points!G99 -> 0 | E23: =Points!H99 -> 439 | F23: CSK
A24: 20 | B24: Nathan Ellis | C24: =Points!F22 -> 0 | D24: =Points!G22 -> 0 | E24: =Points!H22 -> 0 | F24: CSK
A25: 21 | B25: Rasikh Salam | C25: =Points!F20 -> 511 | D25: =Points!G20 -> 93 | E25: =Points!H20 -> 604 | F25: RCB
A26: 22 | B26: Venkatesh Iyer | C26: =Points!F78 -> 278 | D26: =Points!G78 -> 54 | E26: =Points!H78 -> 332 | F26: RCB
A27: 23 | B27: Sandeep Sharma | C27: =Points!J39 -> 1 | D27: =Points!K39 -> 192 | E27: =Points!L39 -> 1 | F27: RR
A28: 24 | B28: Rinku Singh | C28: =Points!F98 -> 536 | D28: =Points!G98 -> 0 | E28: =Points!H98 -> 536 | F28: KKR
A29: 25 | B29: Finn Allen | C29: =Points!F58 -> 552 | D29: =Points!G58 -> 0 | E29: =Points!H58 -> 552 | F29: KKR
A30: 26 | B30: Matheesha Pathirana | C30: =Points!F21 -> 8 | D30: =Points!G21 -> 0 | E30: =Points!H21 -> 8 | F30: KKR
A31: 27 | B31: Nitish Kumar Reddy | C31: =Points!F56 -> 798 | D31: =Points!G56 -> 0 | E31: =Points!H56 -> 798 | F31: SRH
A32: 28 | B32: Naman Dhir | C32: =Points!F57 -> 553 | D32: =Points!G57 -> 0 | E32: =Points!H57 -> 553 | F32: MI
A33: 29 | B33: Trent Boult | C33: 40 | D33: =Points!G58 -> 0 | E33: 40 | F33: MI

Sheet Bowler
A2: DOT BALLS
A4: Team | B4: Name | C4: IPL | D4: Old | E4: Match | F4: Dot Balls | K4: Team | L4: Points Gained
A5: AS | B5: Shivam Dube | C5: CSK | D5: 2 | E5: =F5-D5 -> 0 | F5: 2 | G5: 1 | K5: HW | L5: =SUM(E82:E97) -> 7
A6: AS | B6: Sanju Samson | C6: CSK | D6: 0 | E6: =F6-D6 -> 0 | F6: 0 | G6: 2 | K6: MC | L6: =SUM(E24:E38) -> 16
A7: AS | B7: Sai Sudharsan | C7: GT | D7: 0 | E7: =F7-D7 -> 0 | F7: 0 | G7: 3 | K7: OL | L7: =SUM(E41:E55) -> 12
A8: AS | B8: Mohsin Khan | C8: LSG | D8: 15 | E8: =F8-D8 -> 0 | F8: 15 | G8: 4 | K8: AS | L8: =SUM(E5:E19) -> 1
A9: AS | B9: Tilak Varma | C9: MI | D9: 0 | E9: =F9-D9 -> 0 | F9: 0 | G9: 5 | K9: PA | L9: =SUM(E61:E75) -> 9
A10: AS | B10: Quinton de Kock | C10: MI | D10: 0 | E10: =F10-D10 -> 0 | F10: 0 | G10: 6
A11: AS | B11: Jasprit Bumrah | C11: MI | D11: 38 | E11: =F11-D11 -> 0 | F11: 38 | G11: 7
A12: AS | B12: Harpreet Brar | C12: PBSK | D12: 0 | E12: =F12-D12 -> 0 | F12: 0 | G12: 8
A13: AS | B13: Yuzvendra Chahal | C13: PBSK | D13: 19 | E13: =F13-D13 -> 0 | F13: 19 | G13: 9
A14: AS | B14: Romario Shepherd | C14: RCB | D14: 7 | E14: =F14-D14 -> 1 | F14: 8 | G14: 10
A15: AS | B15: Vaibhav Sooryavanshi | C15: RR | D15: 0 | E15: =F15-D15 -> 0 | F15: 0 | G15: 11
A16: AS | B16: Ravi Bishnoi | C16: RR | D16: 28 | E16: =F16-D16 -> 0 | F16: 28 | G16: 12
A17: AS | B17: Abhishek Sharma | C17: SRH | D17: 2 | E17: =F17-D17 -> 0 | F17: 2 | G17: 13
A18: AS | B18: Ishan Kishan | C18: SRH | D18: 0 | E18: =F18-D18 -> 0 | F18: 0 | G18: 14
A19: AS | B19: Pat Cummins | C19: SRH | D19: 0 | E19: =F19-D19 -> 0 | F19: 0 | G19: 15
A20: AS | B20: Rasikh Salam | C20: RCB | D20: 0 | E20: =F20-D20 -> 0 | F20: 0
A21: AS | B21: Matheesha Pathirana | C21: KKR | D21: 0 | E21: =F21-D21 -> 0 | F21: 0
A22: AS | B22: Nathan Ellis | C22: CSK | D22: 0 | E22: =F22-D22 -> 0 | F22: 0
A23: AS | B23: Yudhvir Singh | C23: RR | D23: 0 | E23: =F23-D23 -> 0 | F23: 0
A24: MC | B24: Ayush Mhatre | C24: CSK | D24: 0 | E24: =F24-D24 -> 0 | F24: 0 | G24: 1
A25: MC | B25: MS Dhoni | C25: CSK | D25: 0 | E25: =F25-D25 -> 0 | F25: 0 | G25: 2
A26: MC | B26: Mitchell Starc | C26: DC | D26: 0 | E26: =F26-D26 -> 0 | F26: 0 | G26: 3
A27: MC | B27: Glenn Phillips | C27: GT | D27: 0 | E27: =F27-D27 -> 0 | F27: 0 | G27: 4
A28: MC | B28: Sunil Narine | C28: KKR | D28: 48 | E28: =F28-D28 -> 0 | F28: 48 | G28: 5
A29: MC | B29: Ajinkya Rahane | C29: KKR | D29: 0 | E29: =F29-D29 -> 0 | F29: 0 | G29: 6
A30: MC | B30: Ayush Badoni | C30: LSG | D30: 0 | E30: =F30-D30 -> 0 | F30: 0 | G30: 7
A31: MC | B31: Hardik Pandya | C31: MI | D31: 20 | E31: =F31-D31 -> 0 | F31: 20 | G31: 8
A32: MC | B32: Suryakumar Yadav | C32: MI | D32: 0 | E32: =F32-D32 -> 0 | F32: 0 | G32: 9
A33: MC | B33: Rohit Sharma | C33: MI | D33: 0 | E33: =F33-D33 -> 0 | F33: 0 | G33: 10
A34: MC | B34: Priyansh Arya | C34: PBSK | D34: 0 | E34: =F34-D34 -> 0 | F34: 0 | G34: 11
A35: MC | B35: Phil Salt | C35: RCB | D35: 0 | E35: =F35-D35 -> 0 | F35: 0 | G35: 12
... A38: MC | B38: Shimron Hetmyer | C38: RR | D38: 0 | E38: =F38-D38 -> 0 | F38: 0 | G38: 15
A39: MC | B39: Sandeep Sharma | C39: RR | D39: 29 | E39: =F39-D39 -> 0 | F39: 29
A40: MC | B40: Marco Jansen | C40: PBSK | D40: 32 | E40: =F40-D40 -> 0 | F40: 32
A41: OL | B41: Prashant Veer | C41: CSK | D41: 0 | E41: =F41-D41 -> 0 | F41: 0 | G41: 1
A42: OL | B42: Ruturaj Gaikwad | C42: CSK | D42: 0 | E42: =F42-D42 -> 0 | F42: 0 | G42: 2
A43: OL | B43: Axar Patel | C43: DC | D43: 24 | E43: =F43-D43 -> 7 | F43: 31 | G43: 3
A44: OL | B44: Abishek Porel | C44: DC | D44: 0 | E44: =F44-D44 -> 0 | F44: 0 | G44: 4
A45: OL | B45: KL Rahul | C45: DC | D45: 0 | E45: =F45-D45 -> 0 | F45: 0 | G45: 5
A46: OL | B46: Rashid Khan | C46: GT | D46: 43 | E46: =F46-D46 -> 0 | F46: 43 | G46: 6
A47: OL | B47: Cameron Green | C47: KKR | D47: 7 | E47: =F47-D47 -> 0 | F47: 7 | G47: 7
A48: OL | B48: Varun Chakaravarthy | C48: KKR | D48: 17 | E48: =F48-D48 -> 0 | F48: 17 | G48: 8
A49: OL | B49: Digvesh Singh | C49: LSG | D49: 24 | E49: =F49-D49 -> 0 | F49: 24 | G49: 9
A50: OL | B50: Rishabh Pant | C50: LSG | D50: 0 | E50: =F50-D50 -> 0 | F50: 0 | G50: 10
A51: OL | B51: Arshdeep Singh | C51: PBSK | D51: 43 | E51: =F51-D51 -> 0 | F51: 43 | G51: 11
A52: OL | B52: Krunal Pandya | C52: RCB | D52: 32 | E52: =F52-D52 -> 5 | F52: 37 | G52: 12
... A55: OL | B55: Travis Head | C55: SRH | D55: 0 | E55: =F55-D55 -> 0 | F55: 0 | G55: 15
A56: OL | B56: Nitish Kumar Reddy | C56: SRH | D56: 15 | E56: =F56-D56 -> 9 | F56: 24
A57: OL | B57: Naman Dhir | C57: MI | D57: 0 | E57: =F57-D57 -> 0 | F57: 0
A58: OL | B58: Finn Allen | C58: KKR | D58: 0 | E58: =F58-D58 -> 0 | F58: 0
A59: OL | B59: Rahul Tewatia | C59: GT | D59: 0 | E59: =F59-D59 -> 0 | F59: 0
A60: OL | B60: Jason Holder | C60: GT | D60: 0 | E60: =F60-D60 -> 0 | F60: 0
A61: PA | B61: Dewald Brevis | C61: CSK | D61: 0 | E61: =F61-D61 -> 0 | F61: 0 | G61: 1
A62: PA | B62: Noor Ahmad | C62: CSK | D62: 28 | E62: =F62-D62 -> 7 | F62: 35 | G62: 2
A63: PA | B63: Auqib Nabi | C63: DC | D63: 4 | E63: =F63-D63 -> 2 | F63: 6 | G63: 3
A64: PA | B64: Jos Buttler | C64: GT | D64: 0 | E64: =F64-D64 -> 0 | F64: 0 | G64: 4
A65: PA | B65: Prasidh Krishna | C65: GT | D65: 48 | E65: =F65-D65 -> 0 | F65: 48 | G65: 5
A66: PA | B66: Vaibhav Arora | C66: KKR | D66: 43 | E66: =F66-D66 -> 0 | F66: 43 | G66: 6
A67: PA | B67: Aiden Markram | C67: LSG | D67: 4 | E67: =F67-D67 -> 0 | F67: 4 | G67: 7
A68: PA | B68: Will Jacks | C68: MI | D68: 0 | E68: =F68-D68 -> 0 | F68: 0 | G68: 8
A69: PA | B69: Nehal Wadhera | C69: PBSK | D69: 0 | E69: =F69-D69 -> 0 | F69: 0 | G69: 9
A70: PA | B70: Shreyas Iyer | C70: PBSK | D70: 0 | E70: =F70-D70 -> 0 | F70: 0 | G70: 10
A71: PA | B71: Devdutt Padikkal | C71: RCB | D71: 0 | E71: =F71-D71 -> 0 | F71: 0 | G71: 11
A72: PA | B72: Virat Kohli | C72: RCB | D72: 0 | E72: =F72-D72 -> 0 | F72: 0 | G72: 12
... A75: PA | B75: Heinrich Klaasen | C75: SRH | D75: 0 | E75: =F75-D75 -> 0 | F75: 0 | G75: 15
A76: PA | B76: Nitish Rana | C76: DC | D76: 0 | E76: =F76-D76 -> 0 | F76: 0
A77: PA | B77: Trent Boult | C77: MI | D77: 12 | E77: =F77-D77 -> 0 | F77: 12
A78: PA | B78: Venkatesh Iyer | C78: RCB | D78: 0 | E78: =F78-D78 -> 0 | F78: 0
A79: PA | B79: yash Dayal | C79: RCB | D79: 0 | E79: =F79-D79 -> 0 | F79: 0
A80: PA | B80: Shardul Thakur | C80: MI | D80: 17 | E80: =F80-D80 -> 0 | F80: 17
A81: PA | B81: Rahul Chahar | C81: CSK | D81: 4 | E81: =F81-D81 -> 0 | F81: 4
A82: HW | B82: Khaleel Ahmed | C82: CSK | D82: 43 | E82: =F82-D82 -> 0 | F82: 43 | G82: 1
A83: HW | B83: Tristan Stubbs | C83: DC | D83: 0 | E83: =F83-D83 -> 0 | F83: 0 | G83: 2
A84: HW | B84: Kuldeep Yadav | C84: DC | D84: 18 | E84: =F84-D84 -> 7 | F84: 25 | G84: 3
A85: HW | B85: Shubman Gill | C85: GT | D85: 0 | E85: =F85-D85 -> 0 | F85: 0 | G85: 4
A86: HW | B86: Mohammed Siraj | C86: GT | D86: 52 | E86: =F86-D86 -> 0 | F86: 52 | G86: 5
A87: HW | B87: Angkrish Raghuvanshi | C87: KKR | D87: 0 | E87: =F87-D87 -> 0 | F87: 0 | G87: 6
A88: HW | B88: Mitchell Marsh | C88: LSG | D88: 0 | E88: =F88-D88 -> 0 | F88: 0 | G88: 7
A89: HW | B89: Nicholas Pooran | C89: LSG | D89: 0 | E89: =F89-D89 -> 0 | F89: 0 | G89: 8
A90: HW | B90: Marcus Stoinis | C90: PBSK | D90: 1 | E90: =F90-D90 -> 0 | F90: 1 | G90: 9
A91: HW | B91: Prabhsimran Singh | C91: PBSK | D91: 0 | E91: =F91-D91 -> 0 | F91: 0 | G91: 10
A92: HW | B92: Shashank Singh | C92: PBSK | D92: 10 | E92: =F92-D92 -> 0 | F92: 10 | G92: 11
A93: HW | B93: Jitesh Sharma | C93: RCB | D93: 0 | E93: =F93-D93 -> 0 | F93: 0 | G93: 12
... A95: HW | B95: Ravindra Jadeja | C95: RR | D95: 14 | E95: =F95-D95 -> 0 | F95: 14 | G95: 14
A96: HW | B96: Mohammad Shami | C96: LSG | D96: 58 | E96: =F96-D96 -> 0 | F96: 58 | G96: 15 | H96: OL | I96: SP | J96: PT
A97: HW | B97: Kagiso Rabada | C97: GT | D97: 47 | E97: =J97-H97 -> 0 | F97: 47 | G97: 16 | H97: =F97-I97-E97 -> 13 | I97: 34 | J97: =F97-I97 -> 13
A98: HW | B98: Rinku Singh | C98: KKR | D98: 0 | E98: =F98-D98 -> 0 | F98: 0
A99: HW | B99: Kartik Sharma | C99: CSK | D99: 0 | E99: =F99-D99 -> 0 | F99: 0
A100: HW | B100: Ashutosh Sharma | C100: DC | D100: 0 | E100: =F100-D100 -> 0 | F100: 0
A101: HW | B101: Corbin Bosch | C101: MI | D101: 6 | E101: =F101-D101 -> 0 | F101: 6
A102: HW | B102: Tim David | C102: RCB | D102: 1 | E102: =F102-D102 -> 0 | F102: 1
A103: HW | B103: Cooper Connolly | C103: PBSK | D103: 0 | E103: =F103-D103 -> 0 | F103: 0
A104: HW | B104: Liam Livingstone | C104: SRH | D104: 0 | E104: =F104-D104 -> 0 | F104: 0
A105: HW | B105: Vijaykumar Vyshak | C105: PBSK | D105: 0 | E105: =F105-D105 -> 0 | F105: 0
A106: HW | B106: Suyash Sharma | C106: RCB | D106: 28 | E106: =F106-D106 -> 3 | F106: 31
A107: HW | B107: David Miller | C107: DC | D107: 0 | E107: =F107-D107 -> 0 | F107: 0

Sheet Timeline Data
A1: Card Title | B1: Start Date | C1: End Date | D1: Phase | E1: Description
A2: Abhishek Strikers lead | B2: 27-Mar-2024 | C2: 27-Mar-2024 | D2: Phase 1: Early Race | E2: Abhishek Strikers started strongly and led the table, followed by Pranav Astra and Himanshu Warriors. | G2: To insert the Timeline view: 1. Highlight A1:E20 2. Click Insert > Timeline 3. Click OK
A3: Mehul Challengers surge | B3: 28-Mar-2024 | C3: 30-Mar-2024 | D3: Phase 1: Early Race | E3: Abhishek Strikers maintained control, but Mehul Challengers surged dramatically and moved into second place by 30 Mar.
A4: Himanshu Warriors jump | B4: 1-Apr-2024 | C4: 1-Apr-2024 | D4: Phase 1: Early Race | E4: A major shift occurred. Himanshu Warriors exploded with a huge points jump and briefly moved to the top.
A5: Pranav Astra claims lead | B5: 2-Apr-2024 | C5: 2-Apr-2024 | D5: Phase 1: Early Race | E5: Pranav Astra responded immediately and claimed the lead, showing early consistency and becoming the first serious challenger to Abhishek Strikers.
A6: Abhishek Strikers reclaim first | B6: 4-Apr-2024 | C6: 4-Apr-2024 | D6: Phase 2: Abhishek Strikers' Dominance | E6: Abhishek Strikers produced a massive jump and reclaimed first place.
A7: Abhishek Strikers dominance | B7: 4-Apr-2024 | C7: 11-Apr-2024 | D7: Phase 2: Abhishek Strikers' Dominance | E7: They controlled the tournament comfortably. Mehul Challengers and Himanshu Warriors stayed competitive, while Onkar Legends gradually climbed from the lower half. Pranav Astra remained close enough to threaten but could not overtake.
A8: Pranav Astra takes control | B8: 12-Apr-2024 | C8: 12-Apr-2024 | D8: Phase 3: Rise of Pranav Astra | E8: 12 Apr became the first major turning point. Pranav Astra overtook Abhishek Strikers and took control of the tournament.
A9: HW & OL close in | B9: 18-Apr-2024 | C9: 19-Apr-2024 | D9: Phase 3: Rise of Pranav Astra | E9: Himanshu Warriors and Onkar Legends both crossed 3,000-point territory and began closing on Pranav Astra. Despite pressure, Pranav Astra defended first place for over a week.
A10: Top teams tighten | B10: 21-Apr-2024 | C10: 21-Apr-2024 | D10: Phase 4: The Four-Team Battle | E10: Abhishek Strikers and Onkar Legends became tied on points. The top four teams were separated by relatively small margins.
A11: HW surge & AS comeback | B11: 22-Apr-2024 | C11: 25-Apr-2024 | D11: Phase 4: The Four-Team Battle | E11: Himanshu Warriors launched a strong surge. Abhishek Strikers mounted a comeback. Pranav Astra's lead began shrinking.
A12: AS takes first place | B12: 26-Apr-2024 | C12: 26-Apr-2024 | D12: Phase 4: The Four-Team Battle | E12: A historic day. Abhishek Strikers overtook Pranav Astra and moved into first place.
A13: HW becomes leader | B13: 28-Apr-2024 | C13: 28-Apr-2024 | D13: Phase 4: The Four-Team Battle | E13: Himanshu Warriors overtook everyone and became the new leader.
A14: HW consolidates lead | B14: 30-Apr-2024 | C14: 2-May-2024 | D14: Phase 4: The Four-Team Battle | E14: Himanshu Warriors consolidated first place. Pranav Astra, Abhishek Strikers, and Onkar Legends were all within striking distance.
... A20: Final Standings | B20: 29-May-2024 | C20: 31-May-2024 | D20: Phase 6: Himanshu Warriors Pull Away | E20: Himanshu Warriors crossed 9,000 points. Onkar Legends secured second place. Abhishek Strikers held third despite a late charge. Pranav Astra finished fourth. Mehul Challengers ended fifth after an impressive early tournament but slower growth later.
